Date, MaxTemperature, MinTemperature, Precipitation, Snowfall, SnowDepth
6/30/2009,71,54,0.36,0,0
7/1/2009,68,55,0.35,0,0
7/2/2009,68,58,0.84,0,0
7/3/2009,65,58,1.12,0,0
7/4/2009,65,55,0,0,0
7/5/2009,66,44,0,0,0
7/6/2009,73,49,0.01,0,0
7/7/2009,74,50,0,0,0
7/8/2009,68,52,0,0,0
7/9/2009, M, M,0,0,0
7/10/2009,77,48,0,0,0
7/11/2009,78,52,0,0,0
7/12/2009,74,46,0.96,0,0
7/13/2009,71,46,0,0,0
7/14/2009,69,44,0,0,0
7/15/2009,69,42,0,0,0
7/16/2009,77,43,0,0,0
7/17/2009,76,54,0,0,0
7/18/2009, M, M,0,0,0
7/19/2009,68,52,0,0,0
7/20/2009,70,45,0,0,0
7/21/2009,67,47,0,0,0
7/22/2009,68,52,0.02,0,0
7/23/2009,77,54,0.47,0,0
7/24/2009,76,61,0.68,0,0
7/25/2009,74,52,0.61,0,0
7/26/2009,78, M,0,0,0
7/27/2009,78,58,0.7,0,0
7/28/2009,76,55,0,0,0
7/29/2009,77, M,0,0,0
7/30/2009, M, M,0,0,0
7/31/2009, M, M,0,0,0
8/1/2009,81,52,0,0,0
8/2/2009,78,60,0.57,0,0
8/3/2009,80,59,0.27,0,0
8/4/2009,78,60,0,0,0
8/5/2009,77,60,0.9,0,0
8/6/2009,70,46,0,0,0
8/7/2009,69, M,0,0,0
8/8/2009,73,50,0,0,0
8/9/2009,71,53,0.77,0,0
8/10/2009,83,67,1.2,0,0
8/11/2009,82,67,0.2,0,0
8/12/2009,78,64,0.74,0,0
8/13/2009,79,61,0.16,0,0
8/14/2009,81,60,0,0,0
8/15/2009,82,57,0,0,0
8/16/2009,83,59,0,0,0
8/17/2009,87,61,0,0,0
8/18/2009,87, M,0,0,0
8/19/2009,77,65,1.36,0,0
8/20/2009,80,67,0,0,0
8/21/2009,81,66,0.7,0,0
8/22/2009,76,58,0.15,0,0
8/23/2009,77, M, T,0,0
8/24/2009,74,61,0.18,0,0
8/25/2009,71,50,0,0,0
8/26/2009,77, M,0,0,0
8/27/2009,73,56,0.67,0,0
8/28/2009,75,57,0,0,0
8/29/2009,71, M,0.5,0,0
8/30/2009,72,56,0.68,0,0
8/31/2009,68,51,0.3,0,0
9/1/2009,72,44,0,0,0
9/2/2009,69,46,0,0,0
9/3/2009,75,49,0,0,0
9/4/2009,78,50,0,0,0
9/5/2009,77,52,0,0,0
9/6/2009,77,51,0,0,0
9/7/2009,78, M,0,0,0
9/8/2009,76,57,0,0,0
9/9/2009,75,60,0,0,0
9/10/2009,69,53,0,0,0
9/11/2009,74,53,0,0,0
9/12/2009,65, M, T,0,0
9/13/2009,64,50,0,0,0
9/14/2009,72, M,0,0,0
9/15/2009,72,60,0,0,0
9/16/2009,70,50,0,0,0
9/17/2009,65,48,0,0,0
9/18/2009,67,51,0,0,0
9/19/2009,68,48,0,0,0
9/20/2009,69,38,0,0,0
9/21/2009,74, M,0,0,0
9/22/2009,75, M,0.01,0,0
9/23/2009,72, M,0.21,0,0
9/24/2009,75,62,0.01,0,0
9/25/2009,68,48,0,0,0
9/26/2009,68,46,0,0,0
9/27/2009,67,50,0.93,0,0
9/28/2009,66,53,0.38,0,0
9/29/2009,65,50,0.4,0,0
9/30/2009,60,44,0.82,0,0
10/1/2009,48,41,0.02,0,0
10/2/2009,49,38,0.01,0,0
10/3/2009,50, M,1.12,0,0
10/4/2009,62,46, T,0,0
10/5/2009,57,39,0,0,0
10/6/2009,55,33,0,0,0
10/7/2009,62, M,0.75,0,0
10/8/2009,52,37,0.44,0,0
10/9/2009,56, M,0.2,0,0
10/10/2009,54,42,0.45,0,0
10/11/2009,54,38,0.01,0,0
10/12/2009,48,30,0,0,0
10/13/2009,50, M, T,0,0
10/14/2009,46,28,0.02,0,0
10/15/2009,43,33,0,0,0
10/16/2009,36,29,0.22,2.5,3
10/17/2009, M, M, M, M, M
10/18/2009, M, M, M, M, M
10/19/2009,48,25,0,0,0
10/20/2009,55, M,0,0,0
10/21/2009,62, M,0,0,0
10/22/2009,63,50, T,0,0
10/23/2009,65,40, T,0,0
10/24/2009,58, M,2,0,0
10/25/2009,55,40,0.02,0,0
10/26/2009,58,31,0,0,0
10/27/2009,61, M,0,0,0
10/28/2009,62, M,0.67,0,0
10/29/2009,54,46,0.22,0,0
10/30/2009,58,48,0,0,0
10/31/2009,65, M,0.02,0,0
11/1/2009, M,41,0.4,0,0
11/2/2009,50,26,0,0,0
11/3/2009,54, M,0.01,0,0
11/4/2009,50,26,0.01,0,0
11/5/2009,44,29,0,0,0
11/6/2009,39,29,0.02, M,0
11/7/2009,42,30,0,0,0
11/8/2009,68, M,0,0,0
11/9/2009,66,40,0,0,0
11/10/2009,68, M,0,0,0
11/11/2009,54,32,0,0,0
11/12/2009,51,26,0,0,0
11/13/2009,52,27,0,0,0
11/14/2009,65, M,0,0,0
11/15/2009,66,41,0,0,0
11/16/2009,51, M,0,0,0
11/17/2009,52,33,0,0,0
11/18/2009,57, M,0,0,0
11/19/2009,56, M,0.38,0,0
11/20/2009,50,41,1.14,0,0
11/21/2009,50,41,0.02,0,0
11/22/2009,49,43,0,0,0
11/23/2009,50,36,0,0,0
11/24/2009,53,41, T,0,0
11/25/2009,50,44, T,0,0
11/26/2009,51,42,0.17,0,0
11/27/2009,47,33,0.01,0,0
11/28/2009,42,34,0.15,0,0
11/29/2009,45,38,0,0,0
11/30/2009,54,36,0.6,0,0
12/1/2009,37,29,0.25,1,1
12/2/2009,42,24,0,0, M
12/3/2009,47, M,0.6,0, M
12/4/2009,47,28,0.42,0,0
12/5/2009,38,24,0,0,0
12/6/2009,37,26,0.11,1.5,2
12/7/2009,35,22,0,0,1
12/8/2009,32, M,0.17,2,3
12/9/2009,34,30,0.06,0,3
12/10/2009,38,22,0.61,1,2
12/11/2009,27,13,0.5,5,7
12/12/2009,22, M,0.48,5,10
12/13/2009,32, M,0,0,9
12/14/2009,34,30,0.22,0,2
12/15/2009,37,34,0.01,0, M
12/16/2009,37,23,0.24,3,3
12/17/2009,24,22,0.26,3,6
12/18/2009,27,23,0,0,5
12/19/2009,28,22,0,0,4
12/20/2009,27,20,0,0,3
12/21/2009,28, M,0.09,1,3
12/22/2009,27,23,0.51,5,8
12/23/2009,26,2,0.04,0.5,9
12/24/2009,20,15,0,0,8
12/25/2009,34,18,0,0,7
12/26/2009,40, M,0.53,0, M
12/27/2009, M,29,0.43,0, M
12/28/2009,35,20,0.51,6,6
12/29/2009,22,8,0.16,2,8
12/30/2009,22,8,0.08,1,9
12/31/2009,31, M,0,0,8
1/1/2010,35,23,0.18,2,9
1/2/2010, M,8,0.36,4,12
1/3/2010,14,8,0.39,4,15
1/4/2010,14,13,0.3,3,18
1/5/2010,16,13,0.12,1.5,19
1/6/2010,17,15,0,0,19
1/7/2010,19,16,0.03,0.5,19
1/8/2010,24, M,0.37,4,21
1/9/2010, M,12,0.26,3,22
1/10/2010,18,-13,0,0,21
1/11/2010,20, M,0,0,21
1/12/2010,21,13,0.18,2,20
1/13/2010,20,15,0,0,19
1/14/2010,27,13,0,0,18
1/15/2010,43,13,0,0,14
1/16/2010,38,30,0,0,10
1/17/2010,42,20,0,0,10
1/18/2010,38, M,0.22,0,5
1/19/2010,36,28,0,0,4
1/20/2010,29,24,0.11,1,4
1/21/2010, M, M,0.32,1,1
1/22/2010,36,6,0.12,1.5,3
1/23/2010,34,6,0,0,2
1/24/2010,40, M,0,0,2
1/25/2010,50, M,0.65,0,0
1/26/2010, M,41,0.08,1,1
1/27/2010, M,20,0.08,1,2
1/28/2010,27,18,0.29,3,4
1/29/2010,26,7,0.37,4,8
1/30/2010,13,-3,0,0,7
1/31/2010,20,-8,0,0,7
2/1/2010,24, M,0.21,3,9
2/2/2010,22,2,0,0,7
2/3/2010,30,6,0.08,1,6
2/4/2010,28,7,0,0,6
2/5/2010,30,5,0,0,5
2/6/2010,29,13,0,0,5
2/7/2010,21,-3,0,0,4
2/8/2010,22,5,0,0,4
2/9/2010,27,4,0,0,3
2/10/2010,25,12,0.48,5,7
2/11/2010,28, M,0.19,2,9
2/12/2010,26,17,0,0,8
2/13/2010,23,12,0,0,8
2/14/2010,24,19,0,0,7
2/15/2010,26,17,0.22,3,10
2/16/2010,37,19,0.11,2,11
2/17/2010,26,19,0,0,10
2/18/2010,29,21,0.29,4,13
2/19/2010,29,21,0.15,1.5,13
2/20/2010,31,10,0,0,13
2/21/2010,34,10,0,0,12
2/22/2010,37,10,0,0,12
2/23/2010,39,20,0.11,0,12
2/24/2010,32,26,0,0,11
2/25/2010,32,17,0,0,11
2/26/2010,30,15,0.31,4,13
2/27/2010,30,11,0.32,4,17
2/28/2010,30,20,0.57,6,22
3/1/2010, M, M, M, M, M
3/2/2010, M, M, M, M, M
3/3/2010, M, M, M, M, M
3/4/2010, M, M, M, M, M
3/5/2010, M, M, M, M, M
3/6/2010, M, M, M, M, M
3/7/2010, M, M, M, M, M
3/8/2010, M, M, M, M, M
3/9/2010, M, M, M, M, M
3/10/2010, M, M, M, M, M
3/11/2010, M, M, M, M, M
3/12/2010, M, M, M, M, M
3/13/2010, M, M, M, M, M
3/14/2010, M, M, M, M, M
3/15/2010, M, M, M, M, M
3/16/2010, M, M, M, M, M
3/17/2010, M, M, M, M, M
3/18/2010, M, M, M, M, M
3/19/2010, M, M, M, M, M
3/20/2010, M, M, M, M, M
3/21/2010, M, M, M, M, M
3/22/2010, M, M, M, M, M
3/23/2010, M, M, M, M, M
3/24/2010, M, M, M, M, M
3/25/2010, M, M, M, M, M
3/26/2010, M, M, M, M, M
3/27/2010, M, M, M, M, M
3/28/2010, M, M, M, M, M
3/29/2010, M, M, M, M, M
3/30/2010, M, M, M, M, M
3/31/2010, M, M, M, M, M
4/1/2010,61,24,0,0, M
4/2/2010,79,31,0,0,0
4/3/2010,82,41,0,0,0
4/4/2010,83,38,0,0,0
4/5/2010,73,39,0,0,0
4/6/2010,71,41,0.23,0,0
4/7/2010,74,46,0.12,0,0
4/8/2010,77,48,0.12,0,0
4/9/2010,73,33,0.27,0,0
4/10/2010,47,29, T,0,0
4/11/2010,56, M,0,0,0
4/12/2010,59,26,0,0,0
4/13/2010,54,27,0,0,0
4/14/2010,57,27,0,0,0
4/15/2010,64,28,0,0,0
4/16/2010,75,33,0,0,0
4/17/2010,69,33,0.38,0,0
4/18/2010,48,32,0.15,0,0
4/19/2010,47,28,0.1,0,0
4/20/2010,53,28,0,0,0
4/21/2010,61,28,0,0,0
4/22/2010,62,33,0,0,0
4/23/2010,52,25,0,0,0
4/24/2010,62,26,0,0,0
4/25/2010,66, M,0.63,0,0
4/26/2010,52,46,0.18,0,0
4/27/2010,49,33,0.48,0,0
4/28/2010,44,31,0,0,0
4/29/2010,51,25,0,0,0
4/30/2010,61,27,0,0,0
5/1/2010,72,43,0,0,0
5/2/2010,78,55,0,0,0
5/3/2010,75, M,0,0,0
5/4/2010,70,45,0.27,0,0
5/5/2010,68,41,0,0,0
5/6/2010,78,44,0.6,0,0
5/7/2010,58,34,0,0,0
5/8/2010,67,35,0.4,0,0
5/9/2010,51,32,0.37,0,0
5/10/2010,42,24,0,0,0
5/11/2010,50,26,0,0,0
5/12/2010,47,33,0.42,0,0
5/13/2010, M,31,0.02,0,0
5/14/2010,60,37,0.33,0,0
5/15/2010,73,47,0,0,0
5/16/2010,60,39,0,0,0
5/17/2010,64,38,0,0,0
5/18/2010,66,41,0.02,0,0
5/19/2010,52,46,0.32,0,0
5/20/2010,74,40,0,0,0
5/21/2010,78,45,0,0,0
5/22/2010,79, M,0,0,0
5/23/2010,71,57,0.01,0,0
5/24/2010,76,52,0,0,0
5/25/2010,82,52,0,0,0
5/26/2010,84,54,0,0,0
5/27/2010,82,54,0,0,0
5/28/2010,82,54,0,0,0
5/29/2010,80,58,0,0,0
5/30/2010,84,48,0,0,0
5/31/2010,86, M,0,0,0
6/1/2010,84, M,0.67,0,0
6/2/2010,75,44,0.12,0,0
6/3/2010,79,46,0.34,0,0
6/4/2010,77,60,0,0,0
6/5/2010,77,62,0.61,0,0
6/6/2010,78,51,1.1,0,0
6/7/2010, M,49,0.11,0,0
6/8/2010,64,38,0,0,0
6/9/2010,64,43,0.01,0,0
6/10/2010,63,50,0.25,0,0
6/11/2010,69,47,0,0,0
6/12/2010,79,50,0.11,0,0
6/13/2010,83, M,0,0,0
6/14/2010,69,62,0.08,0,0
6/15/2010,70,56,0,0,0
6/16/2010,77,57,0.01,0,0
6/17/2010,76,55,0.18,0,0
6/18/2010,67,46,0,0,0
6/19/2010,80,48,0,0,0
6/20/2010,80,59,0,0,0
6/21/2010,82,56,0,0,0
6/22/2010,78,56,0,0,0
6/23/2010,81, M,0,0,0
6/24/2010,85, M,0.3,0,0
6/25/2010,76,56,0.16,0,0
6/26/2010,75,46,0,0,0
6/27/2010,80, M,0,0,0
6/28/2010,83, M,0.58,0,0
6/29/2010,78,60,0,0,0
6/30/2010,73,40,0,0,0
7/1/2010,65,40,0,0,0
7/2/2010,79,39,0,0,0
7/3/2010,80,40,0,0,0
7/4/2010,84,49,0,0,0
7/5/2010,86, M,0,0,0
7/6/2010,89,60,0,0,0
7/7/2010,88,58,0,0,0
7/8/2010,88,59,0,0,0
7/9/2010,90,61,0,0,0
7/10/2010,82,62,1.32,0,0
7/11/2010,80,52,0,0,0
7/12/2010,82,58,0,0,0
7/13/2010,80,59,0,0,0
7/14/2010,82,64,0.2,0,0
7/15/2010,80,59,0,0,0
7/16/2010,85,60,0,0,0
7/17/2010,86,59,0.18,0,0
7/18/2010,84,64,0,0,0
7/19/2010,84,65,0.22,0,0
7/20/2010,80,64,0.07,0,0
7/21/2010,77,60,0,0,0
7/22/2010,82,61,0.05,0,0
7/23/2010,79,62,0.2,0,0
7/24/2010,87,68,1.12,0,0
7/25/2010,82,65,0.92,0,0
7/26/2010,78,52,0.21,0,0
7/27/2010,76,51,0,0,0
7/28/2010,82,55,0,0,0
7/29/2010,84, M,0.82,0,0
7/30/2010,80,49,0,0,0
7/31/2010,74,50,0,0,0
8/1/2010,78, M,0,0,0
8/2/2010,80,60,0.2,0,0
8/3/2010,81,60,0.13,0,0
8/4/2010,80,66,0.5,0,0
8/5/2010,83,68,0.01,0,0
8/6/2010, M, M, M,0,0
8/7/2010, M, M, M,0,0
8/8/2010, M, M, M,0,0
8/9/2010, M, M,0,0,0
8/10/2010, M, M,0,0,0
8/11/2010, M, M,0,0,0
8/12/2010, M, M,0,0,0
8/13/2010,80,61,0,0,0
8/14/2010,83, M,0,0,0
8/15/2010,84,66,0,0,0
8/16/2010,79,69,0.37,0,0
8/17/2010,78,51,0,0,0
8/18/2010,76, M,0,0,0
8/19/2010,77,58,0,0,0
8/20/2010,80,59,0.22,0,0
8/21/2010,76,57,0,0,0
8/22/2010,75, M,0.92,0,0
8/23/2010,73,61,0.08,0,0
8/24/2010,64,60,0.12,0,0
8/25/2010,72,55,0,0,0
8/26/2010,74,54,0.18,0,0
8/27/2010,66,44,0,0,0
8/28/2010,78,44,0,0,0
8/29/2010,80,47,0,0,0
8/30/2010,83,50,0,0,0
8/31/2010,85, M,0,0,0
9/1/2010,87,56,0,0,0
9/2/2010,86,57,0,0,0
9/3/2010,85,56,0,0,0
9/4/2010,83,52,0.5,0,0
9/5/2010,64,48,0.48,0,0
9/6/2010,63,41,0,0,0
9/7/2010,68, M,0,0,0
9/8/2010,83,51,0.26,0,0
9/9/2010,59,53,0.11,0,0
9/10/2010,56,51,0.18,0,0
9/11/2010,65,40,0.1,0,0
9/12/2010,70, M,0.15,0,0
9/13/2010,68,44,0,0,0
9/14/2010,71,42,0,0,0
9/15/2010,64,41,0,0,0
9/16/2010, M, M, M, M, M
9/17/2010, M, M, M, M, M
9/18/2010, M, M, M, M, M
9/19/2010,70,47,0,0,0
9/20/2010,68,39,0.02,0,0
9/21/2010,62,38,0,0,0
9/22/2010,78,41, T,0,0
9/23/2010,73,54,0.12,0,0
9/24/2010,81, M,0,0,0
9/25/2010,84,48,0,0,0
9/26/2010,63,51,0,0,0
9/27/2010,62,42,0,0,0
9/28/2010,64,50,0.68,0,0
9/29/2010,66,53,0.2,0,0
9/30/2010,60,50,0.04,0,0
10/1/2010,57,51,0.53,0,0
10/2/2010,57,35,0,0,0
10/3/2010,51,42,0.16,0,0
10/4/2010,49,41,0,0,0
10/5/2010,45,41,0.25,0,0
10/6/2010,46,43,0.32,0,0
10/7/2010,54,43,0.1,0,0
10/8/2010,62,36,0,0,0
10/9/2010,67,35,0,0,0
10/10/2010,70,29,0,0,0
10/11/2010,72, M,0,0,0
10/12/2010,71, M, T,0,0
10/13/2010,63,29,0,0,0
10/14/2010,65, M,0.01,0,0
10/15/2010,48,32,0.01,0,0
10/16/2010, M, M, M, M, M
10/17/2010,56,37,0,0,0
10/18/2010,54,31,0,0,0
10/19/2010,49,36, T,0,0
10/20/2010,50,29,0.01,0,0
10/21/2010,57,30,0.01,0,0
10/22/2010,47,33,0.03,0,0
10/23/2010,60,31,0,0,0
10/24/2010,62, M,0.01,0,0
10/25/2010,69, M,0,0,0
10/26/2010,64,54,0.02,0,0
10/27/2010,73,48,0.76,0,0
10/28/2010,65,47,0,0,0
10/29/2010, M,37,0,0,0
10/30/2010,53,35,0.01,0,0
10/31/2010,45,37, T,0,0
11/1/2010, M,29,0,0,0
11/2/2010,37,19,0,0,0
11/3/2010,47,18,0,0,0
11/4/2010,52,21,0,0,0
11/5/2010,45,35,0.2,0,0
11/6/2010,39,32,0.01,0,0
11/7/2010,44,21,0,0,0
11/8/2010,44,22,0,0,0
11/9/2010,46,23,0,0,0
11/10/2010,52,32,0,0,0
11/11/2010,62,24,0,0,0
11/12/2010,64,24,0,0,0
11/13/2010,65,23,0,0,0
11/14/2010,67, M,0,0,0
11/15/2010,51,26,0.02,0,0
11/16/2010,48,25,0,0,0
11/17/2010,54,31,0.57,0,0
11/18/2010,44,33,0.32,0,0
11/19/2010,41,29,0.01,0,0
11/20/2010,46,30,0,0,0
11/21/2010,46,25,0,0,0
11/22/2010,48,27,0.05,0,0
11/23/2010,50,27,0.57,0,0
11/24/2010,55, M,0.16,0,0
11/25/2010,38,30,0,0,0
11/26/2010,43,27,0.3,0,0
11/27/2010,31,24,0.15,1.5,2
11/28/2010,40,28,0.03,0.5, M
11/29/2010,47,19,0,0,1
11/30/2010,44,19,0.03,0, M
12/1/2010, M,27,0.03,0,0
12/2/2010,31,25,0.37,0,0
12/3/2010,31,24,0.18,2.5,3
12/4/2010,30,23,0.35,4,6
12/5/2010,29,19,0.34,4,9
12/6/2010,26,22,0.52,6,13
12/7/2010,23,19,0.97,10,20
12/8/2010,22,17,0.91,10,30
12/9/2010,22,14,0.95,10,40
12/10/2010,21,2,0.16,2,41
12/11/2010, M, M, M, M, M
12/12/2010, M, M, M, M, M
12/13/2010,40,17,A, M,28
12/14/2010,17,6,0.58,7,34
12/15/2010,14,10,0.51,6,38
12/16/2010,21, M,0.6,7.5,38
12/17/2010,24,18,0,0,35
12/18/2010,25,14,0,0,31
12/19/2010,25,2,0,0,27
12/20/2010,25, M,0,0,25
12/21/2010,25,20,0.47,5,28
12/22/2010,24,16,0,0,27
12/23/2010,26,21,0.07,1,25
12/24/2010,27,19, M, T,24
12/25/2010,25,19,0,0,24
12/26/2010,25,16, M, T, M
12/27/2010,18,11,0.08,1,24
12/28/2010,25, M,0.21,3.5,23
12/29/2010,24,15,0,0,22
12/30/2010,25,2,0,0,21
12/31/2010,47, M,0,0,19
1/1/2011,49,35,0.01, M,12
1/2/2011,53,28,0.28, M,4
1/3/2011, M,18,0.22,3.5,7
1/4/2011,29,17, M, M,6
1/5/2011,33,22,0.32,4,9
1/6/2011,23,5, M, M,8
1/7/2011,25,7,0.44,5,11
1/8/2011,20,5, M, M,11
1/9/2011,20, M,0.11,1.5,12
1/10/2011,19,14, M, M,12
1/11/2011,24,9, M, M,11
1/12/2011,26,16,0.42,5,15
1/13/2011,18,10,0.2,2.5,16
1/14/2011,18,10,0.11,2,17
1/15/2011,24,2,0.11,1.5,16
1/16/2011,27,14,0.42,4.5,21
1/17/2011,19,-4, M, M,21
1/18/2011,30, M, M, M,20
1/19/2011,42,28,0.04, M,19
1/20/2011,28,16,0.21,3,21
1/21/2011,18,16, M,3.2,23
1/22/2011,17,-6,0.32,4,25
1/23/2011,14,1,0.53,6,30
1/24/2011,7,-21, M, M,30
1/25/2011,28,-20, M, M,29
1/26/2011,29,23, M, M,28
1/27/2011,32,22, M, T,27
1/28/2011,27,20, M, M,26
1/29/2011,25,20, M, M,26
1/30/2011,26,19,0.15,2,27
1/31/2011,22,-6, M, M,27
2/1/2011,21,-8,0.28,3,28
2/2/2011,36,17,0.01,2.5,29
2/3/2011,37,5,0.38,4,32
2/4/2011,37,2, M, M,31
2/5/2011,31,13, M, M,29
2/6/2011,32, M,0.28,2.5,30
2/7/2011,31, M, M, M,29
2/8/2011,33,11,0.31,3.5,32
2/9/2011,13,1, M, M,32
2/10/2011,23,4, M, T,31
2/11/2011,14,0, M, M,31
2/12/2011,27,4, M, M,29
2/13/2011,37,14,0.33,4,31
2/14/2011,46, M, M, M,26
2/15/2011,43,4, M, M,25
2/16/2011,37,6, M, M,21
2/17/2011,46,35, M, M,18
2/18/2011,57, M, M, M,13
2/19/2011, M,17, M, M,11
2/20/2011,21,11,1.14,12,20
2/21/2011,18,10,0.18,2,21
2/22/2011,14,-3, M, M,20
2/23/2011,35,-4, M, M,20
2/24/2011,41, M, M, M,17
2/25/2011,38,23,0.19,2,19
2/26/2011, M,10,0.77,8,24
2/27/2011,32, M,0.18,2,25
2/28/2011,48, M,0.47, M,20
3/1/2011,52,15, M, M,18
3/2/2011,37,20, M, M,13
3/3/2011,33,-1, M, M,13
3/4/2011,30, M, M, M,13
3/5/2011,41,26,0.02, M,10
3/6/2011,49,25,0.61,1,8
3/7/2011, M,14,0.14,1.5,9
3/8/2011,40,11, M, M,8
3/9/2011,44, M, M, M,7
3/10/2011,40,33,0.51, M,4
3/11/2011,47,29,0.56, M,2
3/12/2011,33,27,0.76,2.5,4
3/13/2011,40, M, M, M,3
3/14/2011,32,26, M, M,2
3/15/2011,36,18, M, M,2
3/16/2011,40, M, M, M,1
3/17/2011,46,26, M, M, M
3/18/2011,59,30, M, M, M
3/19/2011,56,29, M, M, M
3/20/2011,42,26, M, M, M
3/21/2011,51, M,0.1, M, M
3/22/2011,49,33,0.02, M, M
3/23/2011,36,29,0.57,6,6
3/24/2011,31,23, M, M,6
3/25/2011,28,13, M, T,6
3/26/2011,26,2, M, T,5
3/27/2011,27,9, M, M,3
3/28/2011,26,7, M, M,3
3/29/2011,30,6, M, M,2
3/30/2011,36,14, M, M,1
3/31/2011,44,16,0.11,1,1
4/1/2011,36,30,0.01, M,1
4/2/2011,40,23, M, M, M
4/3/2011,45, M, M, M, M
4/4/2011,46, M,0.23, M, M
4/5/2011,61,32,0.08, M, M
4/6/2011,33,26,0.18, M, M
4/7/2011,49,26,0.47,3,3
4/8/2011,51,33, M, M, M
4/9/2011,46,34,0.01, M, M
4/10/2011,56,33, M, M, M
4/11/2011,75, M, M, M, M
4/12/2011,73,39,0.08, M, M
4/13/2011,55,37,0.5, M, M
4/14/2011,45,31,0.1, M, M
4/15/2011,54,31, M, M, M
4/16/2011,58,32, M, M, M
4/17/2011,49,33,0.33, M, M
4/18/2011,42,31, M, M, M
4/19/2011,42,31,0.1, M, M
4/20/2011,59,34,0.31, M, M
4/21/2011,63,33,0.12, M, M
4/22/2011,40,26, M, M, M
4/23/2011,51,33,0.48, M, M
4/24/2011,70, M,0.13, M, M
4/25/2011,69,44,0.14, M, M
4/26/2011,56,46,0.2, M, M
4/27/2011,79,49,0.13, M, M
4/28/2011,78,54,0.61, M, M
4/29/2011,65,39,0.1, M, M
4/30/2011,43,34,0.07, M, M
5/1/2011,65, M, M, M, M
5/2/2011, M,51,0.07, M, M
5/3/2011,60,43,0.56, M, M
5/4/2011,50,37,0.55, M, M
5/5/2011,44,32, M, M, M
5/6/2011,55,31, M, M, M
5/7/2011,58, M,0.01, M, M
5/8/2011,62,33,0.02, M, M
5/9/2011,62,34, M, M, M
5/10/2011,64,35, M, M, M
5/11/2011,72,37, M, M, M
5/12/2011,78,45, M, M, M
5/13/2011,78,49, M, M, M
5/14/2011,82,49,0.2, M, M
5/15/2011,70,47,0.45, M, M
5/16/2011,64,41,0.78, M, M
5/17/2011,49,42, M, M, M
5/18/2011,58,44,0.61, M, M
5/19/2011,68,49,0.7, M, M
5/20/2011,65,50,0.65, M, M
5/21/2011,75,49,0.02, M, M
5/22/2011,74,53, M, M, M
5/23/2011,76, M, M, M, M
5/24/2011,74,60,0.68, M, M
5/25/2011,71,48, M, M, M
5/26/2011,78,52,0.35, M, M
5/27/2011,75,60,0.15, M, M
5/28/2011,78,57,0.27, M, M
5/29/2011,82,60,0.35, M, M
5/30/2011,83,59, M, M, M
5/31/2011,85,62, M, M, M
6/1/2011,87,62, M, M, M
6/2/2011,80,50, M, M, M
6/3/2011,60,38, M, M, M
6/4/2011,67,41, M, M, M
6/5/2011,70, M,0.18, M, M
6/6/2011,74,48, M, M, M
6/7/2011,80,51, M, M, M
6/8/2011,82,56,0.11, M, M
6/9/2011,89,63, M, M, M
6/10/2011,83,56, M, M, M
6/11/2011,79,57,0.01, M, M
6/12/2011,78,65,0.41, M, M
6/13/2011,69,52, M, M, M
6/14/2011,69,52,0.08, M, M
6/15/2011,59,40,0.01, M, M
6/16/2011,77,43, M, M, M
6/17/2011,70,53,0.15, M, M
6/18/2011,73,51, M, M, M
6/19/2011,76,53, M, M, M
6/20/2011,78,58, M, M, M
6/21/2011,80,59, M, M, M
6/22/2011,81,65,0.19, M, M
6/23/2011,81,63,0.3, M, M
6/24/2011, M, M, M, M, M
6/25/2011, M, M, M, M, M
6/26/2011, M, M, M, M, M
6/27/2011, M, M, M, M, M
6/28/2011,79,65, M, M, M
6/29/2011,78,58,0.01, M, M
6/30/2011,63,47, M, M, M
7/1/2011,74,44, M, M, M
7/2/2011,74, M, M, M, M
7/3/2011,82, M,0.03, M, M
7/4/2011,82,60, M, M, M
7/5/2011,81,47, M, M, M
7/6/2011,80,51, M, M, M
7/7/2011,84,58, M, M, M
7/8/2011,79,57, M, M, M
7/9/2011,79,52,0.01, M, M
7/10/2011,81,53, M, M, M
7/11/2011,84,58, M, M, M
7/12/2011,86,60, M, M, M
7/13/2011,83,64, M, M, M
7/14/2011,75,48, M, M, M
7/15/2011,79,48, M, M, M
7/16/2011,85,51, M, M, M
7/17/2011,87,52, M, M, M
7/18/2011,88,60, M, M, M
7/19/2011,88,68, M, M, M
7/20/2011,88,61, M, M, M
7/21/2011,91,62, M, M, M
7/22/2011,94,71, M, M, M
7/23/2011,95,70, M, M, M
7/24/2011,82,69,0.24, M, M
7/25/2011,84,66, M, M, M
7/26/2011,83,66,0.28, M, M
7/27/2011,82,51, M, M, M
7/28/2011,77,57, M, M, M
7/29/2011,80, M,2.17, M, M
7/30/2011,80,59,0.02, M, M
7/31/2011,82,59, M, M, M
8/1/2011,82,62, M, M, M
8/2/2011,84,53, M, M, M
8/3/2011,82,53,0.01, M, M
8/4/2011,82,63,0.48, M, M
8/5/2011, M, M, M, M, M
8/6/2011, M, M, M, M, M
8/7/2011, M, M, M, M, M
8/8/2011, M, M, M, M, M
8/9/2011, M, M, M, M, M
8/10/2011, M, M, M, M, M
8/11/2011, M, M, M, M, M
8/12/2011,80,49, M, M, M
8/13/2011,82, M, M, M, M
8/14/2011,78,58, M, M, M
8/15/2011,75,60,0.49, M, M
8/16/2011,75,57, T, M, M
8/17/2011,77,50, M, M, M
8/18/2011,81, M, M, M, M
8/19/2011,81, M,0.46, M, M
8/20/2011,85,58, M, M, M
8/21/2011,80,61,0.48, M, M
8/22/2011,70,53,0.51, M, M
8/23/2011,77,49, M, M, M
8/24/2011,75, M, M, M, M
8/25/2011,77,63,0.87, M, M
8/26/2011,77,60, M, M, M
8/27/2011,80, M, M, M, M
8/28/2011,75,53, M, M, M
8/29/2011,72,41, M, M, M
8/30/2011,78,41, M, M, M
8/31/2011,80, M, M, M, M
9/1/2011,80, M,0.25, M, M
9/2/2011,80,63,0, M, M
9/3/2011,87,64,0, M, M
9/4/2011,88,64, T, M, M
9/5/2011,77,58,0.57, M, M
9/6/2011,65,51,0.27, M, M
9/7/2011,64,52,0.2, M, M
9/8/2011,68, M,0, M, M
9/9/2011,75,61,0.02, M, M
9/10/2011,78,58,0.02, M, M
9/11/2011,78,55,0.02, M, M
9/12/2011,76,57,0.01, M, M
9/13/2011,77, M,0, M, M
9/14/2011,79,60,0.01, M, M
9/15/2011,76,46,0.38, M, M
9/16/2011,55,40,0.01, M, M
9/17/2011,59,36,0, M, M
9/18/2011,60,38,0, M, M
9/19/2011,68,44,0, M, M
9/20/2011,63, M,0.27, M, M
9/21/2011,68,48,0.02, M, M
9/22/2011,73, M,0.71, M, M
9/23/2011,73,57,0, M, M
9/24/2011,73,57,0.27, M, M
9/25/2011,74,56,0, M, M
9/26/2011,79, M,0, M, M
9/27/2011,79, M, T, M, M
9/28/2011,77,55,0.95, M, M
9/29/2011,64,56,0.01, M, M
9/30/2011,65,54,0.01, M, M
10/1/2011,65,43,0.02, M, M
10/2/2011,58,38,0.57, M, M
10/3/2011,45, M,0.65, M, M
10/4/2011,56,46,0.01, M, M
10/5/2011,65,43,0.02, M, M
10/6/2011,66,31, M, M, M
10/7/2011,68,31, M, M, M
10/8/2011,71, M, M, M, M
10/9/2011,80,45, M, M, M
10/10/2011,79,45, M, M, M
10/11/2011,79,45, M, M, M
10/12/2011,69, M, M, M, M
10/13/2011,62,54,0.71, M, M
10/14/2011,68, M,0.02, M, M
10/15/2011,62,44,1, M, M
10/16/2011,49,41,0.88, M, M
10/17/2011,50,41,0.45, M, M
10/18/2011,59,38, M, M, M
10/19/2011,55,40,0.36, M, M
10/20/2011,57,44,0.78, M, M
10/21/2011,53,40,0.3, M, M
10/22/2011, M, M, M, M, M
10/23/2011, M, M, M, M, M
10/24/2011, M, M, M, M, M
10/25/2011,58,35,0.21, M, M
10/26/2011,51, M,0.24, M, M
10/27/2011,52,36,0.56, M, M
10/28/2011,37,24,0.08,1,1
10/29/2011,37, M, M, M, M
10/30/2011,39,21,0.02, M, M
10/31/2011,48, M, M, M, M
11/1/2011,48,29,0.23, M, M
11/2/2011,60,29, M, M, M
11/3/2011,62, M, M, M, M
11/4/2011,62,34, M, M, M
11/5/2011,50,21, M, M, M
11/6/2011,55, M, M, M, M
11/7/2011,62, M, M, M, M
11/8/2011,57, M, M, M, M
11/9/2011,67,31, M, M, M
11/10/2011,68, M, M, M, M
11/11/2011,42,29,1.2,2,2
11/12/2011,42,31, M, M,1
11/13/2011,51, M, M, M, M
11/14/2011,65, M, M, M, M
11/15/2011,60,48,2.53, M, M
11/16/2011,57,47,0.01, M, M
11/17/2011,49,30, M, M, M
11/18/2011,34,26,0.46,5,5
11/19/2011,46, M, M, M,1
11/20/2011, M, M,0.01, M, M
11/21/2011,61,32, M, M, M
11/22/2011,44,23, M, M, M
11/23/2011,45, M,2.82, M, M
11/24/2011,47,30, M, M, M
11/25/2011,52,32, M, M, M
11/26/2011,57, M, M, M, M
11/27/2011,60, M, M, M, M
11/28/2011,55,42,2.86, M, M
11/29/2011,57, M,0.22, M, M
11/30/2011,59,35,0.27, M, M
12/1/2011,37,24, M, M, M
12/2/2011,41, M, M, M, M
12/3/2011,44,18, M, M, M
12/4/2011,50, M, M, M, M
12/5/2011,59, M,0.02, M, M
12/6/2011,45,37,0.48, M, M
12/7/2011,42,33,0.18, M, M
12/8/2011,38,29, M, M, M
12/9/2011,36,28, T, M, M
12/10/2011,36,19,0.88,1,1
12/11/2011,30,12, M, M,1
12/12/2011,32,14, M, M, M
12/13/2011,39,15, M, M, M
12/14/2011,47, M, M, M, M
12/15/2011,49, M,0.4, M, M
12/16/2011,60,31,0.34, M, M
12/17/2011,35,21, M, T, M
12/18/2011,30,15,0.12,1,1
12/19/2011,33, M,0.24, M, M
12/20/2011,35,28, M, M, M
12/21/2011,44, M,0.23, M, M
12/22/2011,55,39,0.71, M, M
12/23/2011,44,30,0.49,0.5,1
12/24/2011,38,21, M, M,1
12/25/2011,38, M, M, M,1
12/26/2011,41, M,0.37,1,1
12/27/2011,37,28, M, M,1
12/28/2011,31,24,0.69,2,3
12/29/2011,28,12,1.08,2.5,6
12/30/2011,34, M,0.04,1,5
12/31/2011,44, M,0.03, M, M
1/1/2012,40,35,0.04, M, M
1/2/2012,45,25,1.55,6,6
1/3/2012, M,10,0.53,6,12
1/4/2012,17,-10, M, M,12
1/5/2012, M, M, M, M,11
1/6/2012,35,27, M, M,9
1/7/2012, M, M, M, M, M
1/8/2012, M, M, M, M, M
1/9/2012,31,16, M, M,2
1/10/2012,40, M, M, M,1
1/11/2012,41,19, M, M, M
1/12/2012,40, M,0.72, M, M
1/13/2012,41,16,0.31,3,3
1/14/2012,22,15,0.12,9,12
1/15/2012,21,-12,0.01,2,14
1/16/2012,24, M, M, M,14
1/17/2012,42, M,0.03, M,4
1/18/2012,51,19,0.68,1.5,2
1/19/2012, M,10,0.01,0.5,2
1/20/2012,20,11,0.03,2,6
1/21/2012,23, M,0.01,1.5,6
1/22/2012,22,11, M, M,5
1/23/2012,31, M, M, M,4
1/24/2012,43,32,0.02, M, M
1/25/2012,33,24, M, M, M
1/26/2012,35,27, M, M, M
1/27/2012,41, M,0.22, M, M
1/28/2012,40,29,0.08, M, T
1/29/2012,36,24,0.07,2,2
1/30/2012,30,19,0.09,5,7
1/31/2012, M, M, M, M,6
2/1/2012,53,39,0.02,0,0
2/2/2012,54,29,0.01,0,0
2/3/2012,39,26,0,0,0
2/4/2012,34,27,0,0,0
2/5/2012,38,24,0,0,0
2/6/2012,34,24,0,0,0
2/7/2012,37,28,0,0,0
2/8/2012,34,18,0,0,0
2/9/2012,33,18,0,0,0
2/10/2012,40,20,0,0, M
2/11/2012,34,23, T, T, T
2/12/2012,24,9,0.08,5,5
2/13/2012,26,15,0.02,1,6
2/14/2012,34,18,0,0,3
2/15/2012,34,26,0,0,2
2/16/2012,35,30,0,0,2
2/17/2012,39,28,0,0, M
2/18/2012,37,26,0,0, T
2/19/2012,33,25,0.01,0.5,1
2/20/2012,30,25,0,0,1
2/21/2012,35,25,0,0, M
2/22/2012,34,29,0.01,1,1
2/23/2012,37,29,0.03,1,1
2/24/2012,41,30,0.03,1,1
2/25/2012,35,24,0.13,4.5,5
2/26/2012,34,23,0.03,1.5,6
2/27/2012,35,23,0,0,5
2/28/2012,42,23,0,0,2
2/29/2012,41,26,0,0, M
3/1/2012,39,33,0.01,0,0
3/2/2012,40,31,0,0,0
3/3/2012,34,32,0.01,0,0
3/4/2012,34,26,0.01,0.5,1
3/5/2012,28,7,0.02,1,2
3/6/2012,28,13,0,0,1
3/7/2012,48,19,0,0, M
3/8/2012,62,48,0,0, M
3/9/2012,54,24,0.01,0.5,1
3/10/2012,33,14,0.01,0.5,1
3/11/2012,39,17,0,0, M
3/12/2012,62,18,0,0, M
3/13/2012,64,30,0,0,0
3/14/2012,60,29,0,0,0
3/15/2012,64,29,0,0,0
3/16/2012,69,36,0.03,0,0
3/17/2012,72,51,0,0,0
3/18/2012,76,50,0,0,0
3/19/2012,76,45,1.12,0,0
3/20/2012,64,42,0,0,0
3/21/2012,72,43,0,0,0
3/22/2012,78,43,0,0,0
3/23/2012,78,45,0,0,0
3/24/2012,78,46,0,0,0
3/25/2012,62,48,0.83,0,0
3/26/2012,55,31,0.04,0,0
3/27/2012,35,16,0,0,0
3/28/2012,53,16,0,0,0
3/29/2012,68,35,0.03,0,0
3/30/2012,37,27,0,0,0
3/31/2012,51,27,0.28,0,0
4/1/2012,46,36,0,0,0
4/2/2012,45,32,0.09,0,0
4/3/2012,48,22,0,0,0
4/4/2012,54,23,0,0,0
4/5/2012,55,26,0,0,0
4/6/2012,45,23,0,0,0
4/7/2012,53,24,0,0,0
4/8/2012,55,25,0,0,0
4/9/2012,60,28, T,0,0
4/10/2012,48,36,0,0,0
4/11/2012,44,31,0.01,0.5,1
4/12/2012,46,27,0.02,0, M
4/13/2012,47,23,0,0,0
4/14/2012,50,24,0,0,0
4/15/2012,54,36,0.01,0,0
4/16/2012,65,54,0.1,0,0
4/17/2012,79,37,0,0,0
4/18/2012,57,28,0,0,0
4/19/2012, M, M, M, M, M
4/20/2012, M, M, M, M, M
4/21/2012, M, M, M, M, M
4/22/2012,43,38,0,0,0
4/23/2012,42,32,0.12, T,0
4/24/2012,33,31,0.18,10.5,11
4/25/2012,41,30,0.12,0,6
4/26/2012,53,30,0,0,1
4/27/2012,54,20,0.13,0, M
4/28/2012,43,24,0,0,0
4/29/2012,53,24,0,0,0
4/30/2012,56,25,0,0,0
5/1/2012,59,27,0.2,0,0
5/2/2012,61,48,0.03,0,0
5/3/2012,74,48,0.01,0,0
5/4/2012,82,53,0.14,0,0
5/5/2012,62,57,0,0,0
5/6/2012,70,40,0,0,0
5/7/2012,75,45,0,0,0
5/8/2012,65,53,0.1,0,0
5/9/2012,62,52,0.18,0,0
5/10/2012,65,42,0.02,0,0
5/11/2012,60,36,0.01,0,0
5/12/2012,70,37,0,0,0
5/13/2012,75,43,0,0,0
5/14/2012,78,49,0,0,0
5/15/2012,72,49,0,0,0
5/16/2012,70,46,0,0,0
5/17/2012,62,32,0,0,0
5/18/2012,70,32,0,0,0
5/19/2012,75,37,0,0,0
5/20/2012,85,51,0,0,0
5/21/2012,87,51,0,0,0
5/22/2012,75,53,0.23,0,0
5/23/2012,76,55,0,0,0
5/24/2012,79,55,0,0,0
5/25/2012,79,58,0,0,0
5/26/2012,87,65,0.02,0,0
5/27/2012,87,58,0,0,0
5/28/2012,85,58,0,0,0
5/29/2012,90,62,0,0,0
5/30/2012,83,62,0.83,0,0
5/31/2012,74,49,0,0,0
6/1/2012,70,49,0, M, M
6/2/2012,68,50,1.13, M, M
6/3/2012,63,50,0.34, M, M
6/4/2012,57,51,0.92, M, M
6/5/2012,55,51,0.02, M, M
6/6/2012,63,40,0, M, M
6/7/2012,70,40,0.01, M, M
6/8/2012,74,44,0, M, M
6/9/2012,76,44,0, M, M
6/10/2012,78,59,0.03, M, M
6/11/2012,89,55,0, M, M
6/12/2012,87,55,0.2, M, M
6/13/2012,74,45,0.88, M, M
6/14/2012,67,43,0, M, M
6/15/2012,78,43,0, M, M
6/16/2012,82,52,0, M, M
6/17/2012, M, M, M, M, M
6/18/2012,81,61,0.02, M, M
6/19/2012,78,62,0, M, M
6/20/2012,76,63,0, M, M
6/21/2012,78,59,0, M, M
6/22/2012,76,61, T, M, M
6/23/2012,75,49, T, M, M
6/24/2012,77,48,0, M, M
6/25/2012,75,55,0.08, M, M
6/26/2012,65,43,0, M, M
6/27/2012,71,45,0, M, M
6/28/2012,74,45,0.01, M, M
6/29/2012,83,54,0, M, M
6/30/2012,83,55,0, M, M
7/1/2012,87,61,0, M, M
7/2/2012,84,51,0, M, M
7/3/2012,82,52,0, M, M
7/4/2012,84,58,0.08, M, M
7/5/2012,88,62,0, M, M
7/6/2012,87,58,0, M, M
7/7/2012,84,60,0, M, M
7/8/2012,89,63,0.05, M, M
7/9/2012,85,55,0, M, M
7/10/2012,80,49,0, M, M
7/11/2012,80,46,0, M, M
7/12/2012,84,46,0, M, M
7/13/2012,87,55,0, M, M
7/14/2012,84,52,0.02, M, M
7/15/2012,85,60,0.01, M, M
7/16/2012,81,63,1.83, M, M
7/17/2012,84,62,0, M, M
7/18/2012,90,67,0, M, M
7/19/2012,81,59,0, M, M
7/20/2012,82,57,0.08, M, M
7/21/2012,72,53,0.74, M, M
7/22/2012,81,54,0, M, M
7/23/2012,83,60,0, M, M
7/24/2012,87,69,0, M, M
7/25/2012,80,49,0, M, M
7/26/2012,80,51,0.28, M, M
7/27/2012,78,68,0.55, M, M
7/28/2012,75,63,0.08, M, M
7/29/2012,76,50,1.27, M, M
7/30/2012,79,53,0, M, M
7/31/2012,83,54,0, M, M
8/1/2012,84,63,0, M, M
8/2/2012,79,55,0, M, M
8/3/2012, M, M, M, M, M
8/4/2012, M, M, M, M, M
8/5/2012, M, M, M, M, M
8/6/2012, M, M, M, M, M
8/7/2012, M, M, M, M, M
8/8/2012, M, M, M, M, M
8/9/2012, M, M, M, M, M
8/10/2012, M, M, M, M, M
8/11/2012, M, M, M, M, M
8/12/2012, M, M, M, M, M
8/13/2012,71,53,0.12, M, M
8/14/2012,78,54,0.08, M, M
8/15/2012,76,59,0.05, M, M
8/16/2012,75,50,0, M, M
8/17/2012,79,50,0, M, M
8/18/2012,73,46,0.04, M, M
8/19/2012,74,42,0, M, M
8/20/2012,72,47,0.03, M, M
8/21/2012,72,45,0, M, M
8/22/2012,75,45,0, M, M
8/23/2012,77,47,0, M, M
8/24/2012,80,46,0, M, M
8/25/2012,84,47,0, M, M
8/26/2012,86,47,0, M, M
8/27/2012,83,60,0, M, M
8/28/2012,78,60,0.12, M, M
8/29/2012,75,47,0.07, M, M
8/30/2012,70,42,0, M, M
8/31/2012,80,42,0, M, M
9/1/2012,87,46,0, M, M
9/2/2012,86,53,0, M, M
9/3/2012,80,55,0, M, M
9/4/2012,80,60,0, M, M
9/5/2012,80,62,1.21, M, M
9/6/2012,81,62,0, M, M
9/7/2012,79,54,0, M, M
9/8/2012,81,54,0.02, M, M
9/9/2012,66,54,0.85, M, M
9/10/2012,64,41,0, M, M
9/11/2012,63,39,0, M, M
9/12/2012,70,39,0, M, M
9/13/2012,78,40,0, M, M
9/14/2012,80,45,0, M, M
9/15/2012,72,42,0, M, M
9/16/2012,70,38,0, M, M
9/17/2012,69,41,0, M, M
9/18/2012,70,41,0.02, M, M
9/19/2012,67,45,1.3, M, M
9/20/2012,57,36,0, M, M
9/21/2012,68,35,0, M, M
9/22/2012,69,52,1.08, M, M
9/23/2012,58,44,0.65, M, M
9/24/2012,55,38,0.18, M, M
9/25/2012,61,37,0, M, M
9/26/2012,67,43,0, M, M
9/27/2012,61,39,0.04, M, M
9/28/2012,63,38,0.01, M, M
9/29/2012,58,42,0.08, M, M
9/30/2012,56,45,0.05, M, M
10/1/2012,54,37,0.09, M, M
10/2/2012,61,38,0, M, M
10/3/2012,68,53,0.05, M, M
10/4/2012,74,53,0, M, M
10/5/2012,70,53,0, M, M
10/6/2012,67,44,0.55, M, M
10/7/2012,55,39,0.07, M, M
10/8/2012,50,33,0.16, M, M
10/9/2012, M, M, M, M, M
10/10/2012, M, M, M, M, M
10/11/2012,50,27,0.21, M, M
10/12/2012,53,33,0.04, M, M
10/13/2012,46,20,0, M, M
10/14/2012,58,25,0.07, M, M
10/15/2012,73,52,0.12, M, M
10/16/2012,53,41,0.05, M, M
10/17/2012,47,29,0, M, M
10/18/2012,66,29,0, M, M
10/19/2012,65,34,0.21, M, M
10/20/2012,64,34,0.01, M, M
10/21/2012,50,43,0.15, M, M
10/22/2012,56,30,0, M, M
10/23/2012,66,30,0.1, M, M
10/24/2012,57,49,0.93, M, M
10/25/2012,66,47,0.04, M, M
10/26/2012,79,47,0, M, M
10/27/2012,73,43,0.02, M, M
10/28/2012,45,38,0.33, M, M
10/29/2012,42,38,0.2, M, M
10/30/2012,52,38,1.85, M, M
10/31/2012,50,34,0.15, M, M
11/1/2012,42,34,0.31,0,0
11/2/2012,41,34,0.38,0,0
11/3/2012,36,32,0.17, M, M
11/4/2012,35,29,0.03, M, M
11/5/2012,34,29,0,0, T
11/6/2012,33,28,0,0,0
11/7/2012,37,18,0,0,0
11/8/2012,40,18,0,0,0
11/9/2012,45,20,0,0,0
11/10/2012,49,33,0.1,0,0
11/11/2012,52,39,0.05,0,0
11/12/2012,69,45,0,0,0
11/13/2012,66,30,0.65,0,0
11/14/2012,32,29,0.01,0,0
11/15/2012,38,21,0,0,0
11/16/2012,45,20,0,0,0
11/17/2012,45,20,0,0,0
11/18/2012,48,21,0,0,0
11/19/2012,50,27,0,0,0
11/20/2012,47,29,0,0,0
11/21/2012,49,27,0,0,0
11/22/2012,52,27,0,0,0
11/23/2012,55,29,0,0,0
11/24/2012,45,29,0.06,1,1
11/25/2012,32,27,0.13,4,5
11/26/2012,32,25,0,0,4
11/27/2012,32,26,0,0,3
11/28/2012,34,26,0,0,2
11/29/2012,33,24,0,0,2
11/30/2012,41,21,0,0,1
12/1/2012,42,26,0, M,1
12/2/2012,48,31,0, M, M
12/3/2012,50,43,0.65, M, M
12/4/2012,60,44,0, M, M
12/5/2012,62,37,0.91, M, M
12/6/2012,37,21,0.02, M, M
12/7/2012,37,21,0, M, M
12/8/2012,45,35,0.35, M, M
12/9/2012,48,29,0.03, M, M
12/10/2012,52,33,0.52, M, M
12/11/2012,53,28,0.4, M, M
12/12/2012,33,24,0, M, M
12/13/2012,36,17,0, M, M
12/14/2012,40,16,0, M, M
12/15/2012,40,20,0, M, M
12/16/2012,43,27,0.02, M, M
12/17/2012,46,40,0.26, M, M
12/18/2012,48,39,0.3, M, M
12/19/2012,39,31,0.4, M, M
12/20/2012,36,28,0.01, M, M
12/21/2012,38,31,0.22, M, M
12/22/2012,31,24,0.27,12,12
12/23/2012,32,20,0,0,12
12/24/2012,32,24,0,0,12
12/25/2012,32,23,0,0,11
12/26/2012,30,21,0,0,9
12/27/2012,28,21,0.5,10,15
12/28/2012,27,20,0,0,15
12/29/2012,29,21,0.05,1,12
12/30/2012,26,20,0.21,4,15
12/31/2012,27,19,0.11,2,16
1/1/2013,30,21,0.07,1,14
1/2/2013,28,16,0.06,1,15
1/3/2013,22,17,0,0,14
1/4/2013,31,17,0.06,1,13
1/5/2013,31,25,0,0,12
1/6/2013,32,28, T, T,10
1/7/2013,33,25,0.06,1,11
1/8/2013,31,11,0,0,10
1/9/2013,38,11,0,0,10
1/10/2013,44,17,0,0,9
1/11/2013,40,27,0,0,8
1/12/2013,47,33,0.17,0, M
1/13/2013,53,45,0,0, M
1/14/2013,62,32,0.08,0, M
1/15/2013,32,22,0,0, M
1/16/2013,29,22,0,0, M
1/17/2013,34,28,0,0, M
1/18/2013,30,13,0.17,2,2
1/19/2013,37,13,0,0,1
1/20/2013,45,17,0,0, M
1/21/2013,33,13,0.32,6,6
1/22/2013,17,3,0.16,3,9
1/23/2013,5,-6,0.16,3,10
1/24/2013,10,-10,0,0,9
1/25/2013,11,-11,0,0,8
1/26/2013,13,-4,0,0,8
1/27/2013,27,9,0,0,7
1/28/2013,30,15,0.09,1.5,8
1/29/2013,45,30,0.18,0, M
1/30/2013,62,34,0.82,0, M
1/31/2013,62,19, T, T, M
2/1/2013,27,13,0.51,8,8
2/2/2013,17,6,0.25,4,10
2/3/2013,22,6,0,0,9
2/4/2013,18,12,0.4,5,13
2/5/2013,17,12,0,0,12
2/6/2013,23,7, T, T,11
2/7/2013,24,0,0,0,10
2/8/2013,35,8,0,0,7
2/9/2013,35,12,0.28,4,11
2/10/2013,20,-6,0,0,9
2/11/2013,43,2,0.04,0,7
2/12/2013,46,27,0.04,0,6
2/13/2013,32,26,0,0,6
2/14/2013,39,19,0,0,4
2/15/2013,35,20,0.05,0,4
2/16/2013,30,11,0,0,4
2/17/2013,21,5,0.08,2,5
2/18/2013,17,2, T, T,5
2/19/2013,41,12,0.02, T,3
2/20/2013,38,13,0.2,2,5
2/21/2013,17,13,0.18,5,10
2/22/2013,30,12, T, T,10
2/23/2013,32,21,0,0,9
2/24/2013,34,23,0,0,7
2/25/2013,26,21,0.07,1,6
2/26/2013,31,12,0,0,6
2/27/2013,37,16,0.21,0.5,4
2/28/2013,36,29,0.3,1,3
3/1/2013,32,24,0.09,1.5,4
3/2/2013,25,17,0,0,4
3/3/2013,23,18,0.08,1,6
3/4/2013,21,16,0.18,3.5,7
3/5/2013,23,16,0,0,6
3/6/2013,34,19,0,0,5
3/7/2013,40,23,0,0,5
3/8/2013,34,27,0,0,4
3/9/2013,35,13,0,0,4
3/10/2013,55,20,0,0,4
3/11/2013,63,44,0,0,2
3/12/2013,56,32,0.18,0, M
3/13/2013,36,22,0,0, T
3/14/2013,34,17,0.26,4.5,5
3/15/2013,30,19, T, T,2
3/16/2013,29,22,0.08,1.5,4
3/17/2013,29,11, T, T,3
3/18/2013,30,10,0,0,3
3/19/2013,32,22,0.15,1,2
3/20/2013,32,18,0.22,7,8
3/21/2013,30,11,0.07,2,7
3/22/2013,29,15,0,0,7
3/23/2013,28,20, T, T,7
3/24/2013,33,22,0,0,6
3/25/2013,36,25,0,0,4
3/26/2013,35,18,0,0,3
3/27/2013,32,11,0.07,2,5
3/28/2013,42,16,0.05,1,2
3/29/2013,37,28,0,0,2
3/30/2013,45,20,0,0, M
3/31/2013,48,26,0,0, M
4/1/2013,50,35,0.04,0,0
4/2/2013,35,19,0.06,1,1
4/3/2013,30,21,0,0, T
4/4/2013,35,14,0,0,0
4/5/2013,52,14,0,0,0
4/6/2013,46,18,0,0,0
4/7/2013,55,22,0,0,0
4/8/2013,67,27,0,0,0
4/9/2013,66,27,0.02,0,0
4/10/2013,67,43,0.08,0,0
4/11/2013,60,32,1.37,0,0
4/12/2013,48,37,0.25,0,0
4/13/2013,52,34,0.41,0,0
4/14/2013,40,32,0.14,0,0
4/15/2013,48,33,0,0,0
4/16/2013,69,48,0,0,0
4/17/2013,68,35,0.26,0,0
4/18/2013,62,36,0,0,0
4/19/2013,76,58,0,0,0
4/20/2013,67,30,0.45,0,0
4/21/2013,40,22,0,0,0
4/22/2013,47,25,0,0,0
4/23/2013,58,30,0,0,0
4/24/2013,67,39,0.01,0,0
4/25/2013,61,32,0.35,0,0
4/26/2013, M, M,0.04,0,0
4/27/2013, M, M,0,0,0
4/28/2013, M, M,0,0,0
4/29/2013, M, M,0,0,0
4/30/2013,58,52,0,0,0
5/1/2013,67,51,0,0,0
5/2/2013,77,45,0,0,0
5/3/2013,76,46,0,0,0
5/4/2013,75,48,0,0,0
5/5/2013,75,37,0,0,0
5/6/2013,75,38,0,0,0
5/7/2013,75,41,0,0,0
5/8/2013,76,45,0,0,0
5/9/2013,66,53,0.12,0,0
5/10/2013, M, M, S,0,0
5/11/2013,51,42,A,0,0
5/12/2013,48,33, T, T, M
5/13/2013,40,32,0.03,0, M
5/14/2013, M, M,0,0,0
5/15/2013,52,44,0,0,0
5/16/2013,80,43,0,0,0
5/17/2013,73,34,0,0,0
5/18/2013,70,37,0,0,0
5/19/2013,70,53,0,0,0
5/20/2013,76,58,0,0,0
5/21/2013,85,60,0,0,0
5/22/2013,86,58,0.15,0,0
5/23/2013,84,63,0.01,0,0
5/24/2013,69,35,0.77,0,0
5/25/2013,40,31,0.05,0,0
5/26/2013,51,32,0,0,0
5/27/2013,58,30,0,0,0
5/28/2013,70,44,0.06,0,0
5/29/2013,72,51,1.85,0,0
5/30/2013,80,56,0.16,0,0
5/31/2013,85,53,0,0,0
6/1/2013,86,61,0,0,0
6/2/2013,85,63,0.34,0,0
6/3/2013,79,47,0,0,0
6/4/2013,60,37,0,0,0
6/5/2013,65,37,0,0,0
6/6/2013,75,40,0.1,0,0
6/7/2013,61,56,1.17,0,0
6/8/2013,61,53,0.03,0,0
6/9/2013,70,44,0,0,0
6/10/2013,75,53,0,0,0
6/11/2013,68,62,0.09,0,0
6/12/2013,65,57,0.08,0,0
6/13/2013,76,57,0.23,0,0
6/14/2013,68,53,0.07,0,0
6/15/2013,74,48,0,0,0
6/16/2013,78,54, T,0,0
6/17/2013,71,55,0.04,0,0
6/18/2013,77,55,0,0,0
6/19/2013,69,40,0,0,0
6/20/2013,70,41,0,0,0
6/21/2013,77,44,0,0,0
6/22/2013,80,49,0,0,0
6/23/2013,84,62,0,0,0
6/24/2013,86,64,0,0,0
6/25/2013,85,61,0,0,0
6/26/2013, M, M, S, M, M
6/27/2013, M, M, M, M, M
6/28/2013,74,58,A,0,0
6/29/2013,69,55,0.1,0,0
6/30/2013,71,59,0.12,0,0
7/1/2013,76,61,0,0,0
7/2/2013,67,59,1.52,0,0
7/3/2013,81,60,0.08,0,0
7/4/2013, M, M,0,0,0
7/5/2013, M, M,0,0,0
7/6/2013, M, M,0,0,0
7/7/2013, M, M,0,0,0
7/8/2013, M, M,0,0,0
7/9/2013,76,64,0,0,0
7/10/2013,79,67,0.85,0,0
7/11/2013,83,55,0.64,0,0
7/12/2013, M, M,0,0,0
7/13/2013,73,67,0,0,0
7/14/2013,77,60,0,0,0
7/15/2013,87,63,0,0,0
7/16/2013,85,61,0,0,0
7/17/2013,86,63,0,0,0
7/18/2013,87,65,0,0,0
7/19/2013,88,65,0.11,0,0
7/20/2013,87,66,0.65,0,0
7/21/2013,77,59,0.03,0,0
7/22/2013,79,57,0,0,0
7/23/2013, M, M,0,0,0
7/24/2013, M, M,0,0,0
7/25/2013,72,42,0,0,0
7/26/2013,71,43,0,0,0
7/27/2013,78,47,0,0,0
7/28/2013,72,57, T,0,0
7/29/2013,70,49,0,0,0
7/30/2013, M, M,0,0,0
7/31/2013, M, M,0,0,0
8/1/2013,75,61,0.01,0,0
8/2/2013,72,59,0.01,0,0
8/3/2013,72,59,0,0,0
8/4/2013,70,59,0,0,0
8/5/2013,71,48,0,0,0
8/6/2013,70,48,0,0,0
8/7/2013,74,53,0,0,0
8/8/2013,79,63,1.17,0,0
8/9/2013,78,67,0.35,0,0
8/10/2013,78,60,0.23,0,0
8/11/2013,74,50,0,0,0
8/12/2013,74,50,0,0,0
8/13/2013,74,49,0.85,0,0
8/14/2013,66,49,0.02,0,0
8/15/2013,64,42,0,0,0
8/16/2013,68,42,0,0,0
8/17/2013,78,45,0,0,0
8/18/2013,79,52,0,0,0
8/19/2013,75,54,0,0,0
8/20/2013,74,50,0,0,0
8/21/2013,80,50,0,0,0
8/22/2013,82,50,0,0,0
8/23/2013,80,55,0,0,0
8/24/2013,75,43,0,0,0
8/25/2013,77,45,0,0,0
8/26/2013,79,52,0,0,0
8/27/2013,80,63,1.12,0,0
8/28/2013,83,65,0.44,0,0
8/29/2013,81,65,0,0,0
8/30/2013,82,57,0,0,0
8/31/2013,82,57,0,0,0
9/1/2013,80,60,0,0,0
9/2/2013,77,65,2.16,0,0
9/3/2013,75,58,0.05,0,0
9/4/2013,62,50,0.04,0,0
9/5/2013,73,52,0,0,0
9/6/2013,64,34,0,0,0
9/7/2013,68,35,0.15,0,0
9/8/2013,65,57, T,0,0
9/9/2013,70,41,0.01,0,0
9/10/2013,75,42,0.01,0,0
9/11/2013,88,67, T,0,0
9/12/2013,87,64,0.02,0,0
9/13/2013,70,52,0.05,0,0
9/14/2013,52,44,0.02,0,0
9/15/2013,58,34,0,0,0
9/16/2013,67,35,0,0,0
9/17/2013,57,30,0,0,0
9/18/2013,64,31,0,0,0
9/19/2013,71,34,0,0,0
9/20/2013,72,39,0,0,0
9/21/2013,79,51,0.02,0,0
9/22/2013,67,47,1.44,0,0
9/23/2013,53,44,0,0,0
9/24/2013,55,32,0,0,0
9/25/2013,64,33,0,0,0
9/26/2013,72,35,0,0,0
9/27/2013, M, M,0,0,0
9/28/2013,69,44,0,0,0
9/29/2013,70,45,0,0,0
9/30/2013,72,48,0,0,0
10/1/2013,72,48,0,0,0
10/2/2013,72,51,0,0,0
10/3/2013,73,42,0,0,0
10/4/2013,76,41,0.07,0,0
10/5/2013,75,58,0,0,0
10/6/2013,77,62,0.02,0,0
10/7/2013,79,57,0.23,0,0
10/8/2013,57,41,0.43,0,0
10/9/2013,63,34,0,0,0
10/10/2013,65,33,0,0,0
10/11/2013,70,32,0,0,0
10/12/2013,73,38,0,0,0
10/13/2013,75,42,0,0,0
10/14/2013,72,49,0.12,0,0
10/15/2013,68,38,0,0,0
10/16/2013,62,37,0.02,0,0
10/17/2013,60,41,0.37,0,0
10/18/2013,61,42,0.12,0,0
10/19/2013,56,40,0.05,0,0
10/20/2013,52,38,0.27,0,0
10/21/2013,52,39,0.2,0,0
10/22/2013,62,42,0.1,0,0
10/23/2013,45,35,0.02,0,0
10/24/2013,40,31,0.14,0,0
10/25/2013,37,32,0.17, M, T
10/26/2013,36,33,0.18,0,0
10/27/2013,43,35,0.1,0,0
10/28/2013,40,29,0,0,0
10/29/2013,46,30,0,0,0
10/30/2013,49,28,0,0,0
10/31/2013,61,30,0.15,0,0
11/1/2013,64,50,1,0,0
11/2/2013,56,42,0,0,0
11/3/2013,43,30,0.07,0,0
11/4/2013,41,17,0,0,0
11/5/2013,38,18,0,0,0
11/6/2013,50,33,0,0,0
11/7/2013, M, M, S, M, M
11/8/2013, M, M, M, M, M
11/9/2013, M, M, M, M, M
11/10/2013, M, M, M, M, M
11/11/2013, M, M, M, M, M
11/12/2013,43,22,A,1,1
11/13/2013,28,21, T, T,1
11/14/2013,33,23,0,0, M
11/15/2013,46,29,0,0, M
11/16/2013,51,35,0,0, M
11/17/2013,55,37,0.15,0, M
11/18/2013,59,44,0.11,0,0
11/19/2013,45,30,0.02,0,0
11/20/2013,33,16,0,0,0
11/21/2013,43,17,0,0,0
11/22/2013,43,32,0.04,0,0
11/23/2013,46,20,0.1, T,0
11/24/2013,28,11,0.09,2.5,3
11/25/2013,18,12,0.05,1,4
11/26/2013,29,14,0,0,3
11/27/2013,31,28,0.35,6.5,9
11/28/2013,28,16,0.13,2,11
11/29/2013,28,15,0.04,1,11
11/30/2013,27,2,0,0,10
12/1/2013,31,17,0,0,9
12/2/2013,37,28,0,0,8
12/3/2013,38,19,0,0,4
12/4/2013,39,18,0,0,2
12/5/2013,53,29,0,0, M
12/6/2013,59,29, T, T, T
12/7/2013,31,21,0.03,1.5,2
12/8/2013,26,10,0.02,1,2
12/9/2013,33,14,0.02,0,1
12/10/2013,36,21,0,0,1
12/11/2013,23,16,0.12,5.5,6
12/12/2013,20,9,0.13,3.5,8
12/13/2013,16,10,0.14,3,10
12/14/2013,22,12,0.06,1.5,11
12/15/2013,28,15,0.08,2.5,11
12/16/2013,25,12,0.12,4,14
12/17/2013,16,-6,0.03,1,14
12/18/2013,24,13,0.12,3.5,17
12/19/2013,30,21,0,0,16
12/20/2013,43,30,0.03,0,8
12/21/2013,52,41,0.42,0, M
12/22/2013,58,42,0.3,0, M
12/23/2013,64,36,0.05,0, M
12/24/2013,36,21,0.02,1.5,2
12/25/2013,21,-5,0.05,2.5,4
12/26/2013,25,3, T, T,4
12/27/2013,28,23,0.11,3,6
12/28/2013,38,22,0,0,3
12/29/2013,45,34,0,0,1
12/30/2013,38,17,0.14, T, M
12/31/2013,18,15,0.08,1.5,2
1/1/2014,16,12,0.33,6.5,7
1/2/2014,19,10,0.09,2,9
1/3/2014,11,-2,0.24,5,12
1/4/2014,10,-11,0.04,1,12
1/5/2014,33,8,0,0,11
1/6/2014,45,24,0.07, T,2
1/7/2014,25,-14,0.08,2,3
1/8/2014,0,-14,0,0,2
1/9/2014,14,-15,0.04,1,2
1/10/2014,28,0,0.04,1,3
1/11/2014,42,28,0.08,0, M
1/12/2014,51,28,0.38,1,1
1/13/2014,39,27,0,0,1
1/14/2014,47,27,0.27,0, M
1/15/2014,38,27,0.04,1,1
1/16/2014,30,20,0,0,1
1/17/2014,29,21,0.04,1,2
1/18/2014,35,9,0.1,2,3
1/19/2014,32,7,0,0,3
1/20/2014,30,11, T, T,2
1/21/2014,30,4,0.24,2.5,4
1/22/2014,6,-7,0,0,4
1/23/2014,5,-8,0.05,1,4
1/24/2014,9,-10,0.05,1,5
1/25/2014,15,-2,0.02,0.5,5
1/26/2014,20,-1,0.22,5,9
1/27/2014,34,0,0.06,1.5,9
1/28/2014,12,-9,0.07,1.5,9
1/29/2014,5,-10,0,0,9
1/30/2014,12,-7,0,0,8
1/31/2014,28,-6,0,0,7
2/1/2014,33,21,0,0,7
2/2/2014,40,25,0.12,1.5,8
2/3/2014,36,18,0,0,8
2/4/2014,24,-3,0,0,7
2/5/2014,24,-3,0.14,2.5,8
2/6/2014,23,-3,0.42,8.5,15
2/7/2014,17,-1,0,0,15
2/8/2014,12,-5,0,0,15
2/9/2014,16,-2,0,0,14
2/10/2014,19,-2,0.14,3,16
2/11/2014,17,-5,0,0,16
2/12/2014,10,-17,0,0,13
2/13/2014,29,-12,0,0,13
2/14/2014,29,9,0,0,12
2/15/2014,22,14,0,0,12
2/16/2014,25,3,0,0,11
2/17/2014,15,-16,0.04,1,11
2/18/2014,27,-9,0.17,3.5,13
2/19/2014,41,24,0,0,13
2/20/2014,46,18,0,0,11
2/21/2014,48,18,0.7,0,7
2/22/2014,45,31,0.17,0,3
2/23/2014,40,30,0,0,2
2/24/2014,42,16,0,0,2
2/25/2014,18,10,0.2,4.5,6
2/26/2014,18,3,0.07,1.5,8
2/27/2014,10,-5,0,0,7
2/28/2014,18,-18,0.04,1,7
3/1/2014,20,-16,0,0,7
3/2/2014,36,9,0.04,1,6
3/3/2014,19,-15, T, T, M
3/4/2014, M, M, M, M, M
3/5/2014,22,8,0,0,5
3/6/2014,18,-3,0,0,5
3/7/2014,32,1,0,0,4
3/8/2014,48,17,0,0,3
3/9/2014,36,13, T, T, M
3/10/2014,34,14,0,0,2
3/11/2014,50,32,0,0,1
3/12/2014,52,33,0.1, T,1
3/13/2014,34,-1,0.34,6,6
3/14/2014,26,-1,0,0,6
3/15/2014,53,24, T, M,3
3/16/2014,34,11,0,0,3
3/17/2014,18,2,0,0,3
3/18/2014,34,2,0,0,1
3/19/2014,47,26,0,0, M
3/20/2014,42,32, T, M, T
3/21/2014,33,24,0.26,2.5,3
3/22/2014,47,23,0.1,0, M
3/23/2014,39,13,0,0, T
3/24/2014,18,4,0.02,0.5,1
3/25/2014,23,5,0,0, T
3/26/2014,21,6,0.02,0.5,1
3/27/2014,20,7,0,0, M
3/28/2014,45,9,0.15,0, M
3/29/2014,53,31,0.04,0, M
3/30/2014,34,26,0.49,4,4
3/31/2014,35,17,0,0,4
4/1/2014,50,17,0,0,2
4/2/2014,67,31,0,0, M
4/3/2014,53,25,0,0, M
4/4/2014,49,25,0.05,0, M
4/5/2014,49,28,0.28,0, T
4/6/2014,38,19,0,0, M
4/7/2014,54,25,0,0, M
4/8/2014,50,29,0.3,0, M
4/9/2014,48,29,0.07,0, M
4/10/2014,46,25,0,0, M
4/11/2014,66,31,0.16,0,0
4/12/2014,62,30,0.34,0,0
4/13/2014,68,30,0,0,0
4/14/2014,70,54,0,0,0
4/15/2014,75,35,0.5,0,0
4/16/2014,35,15,0.15,0,0
4/17/2014,36,16,0,0,0
4/18/2014,62,29,0,0,0
4/19/2014,58,29,0,0,0
4/20/2014,65,29,0,0,0
4/21/2014,70,37,0,0,0
4/22/2014,75,47,0.04,0,0
4/23/2014,57,34,0.34,0,0
4/24/2014,45,23,0.05,0,0
4/25/2014,51,23,0,0,0
4/26/2014,63,38,0.35,0,0
4/27/2014,44,34,0.08,0,0
4/28/2014,50,31,0,0,0
4/29/2014,58,37,0,0,0
4/30/2014,51,43,0.21,0,0
5/1/2014,54,43,0.95,0,0
5/2/2014,55,42,0.05,0,0
5/3/2014,50,42,0.11,0,0
5/4/2014,54,38,0.22,0,0
5/5/2014,51,29,0,0,0
5/6/2014,55,31,0,0,0
5/7/2014,59,33,0,0,0
5/8/2014,60,42,0.02,0,0
5/9/2014,82,49,0,0,0
5/10/2014,82,56,0.38,0,0
5/11/2014,72,39,0,0,0
5/12/2014,74,43,0,0,0
5/13/2014,75,46,1.05,0,0
5/14/2014,85,60,1.54,0,0
5/15/2014,80,63,0.03,0,0
5/16/2014,73,44,1.16,0,0
5/17/2014,47,31,0.15,0,0
5/18/2014,52,35,0.05,0,0
5/19/2014,58,32,0,0,0
5/20/2014,64,32,0,0,0
5/21/2014,67,41,0.5,0,0
5/22/2014,72,51,0.45,0,0
5/23/2014,62,44,0,0,0
5/24/2014,67,48,0.1,0,0
5/25/2014,72,39,0,0,0
5/26/2014,75,42,0,0,0
5/27/2014,78,53,0,0,0
5/28/2014,79,57,0.61,0,0
5/29/2014,73,50,0,0,0
5/30/2014,75,52,0,0,0
5/31/2014, M, M, M, M, M
6/1/2014, M, M, M,0, M
6/2/2014, M, M, S,0,0
6/3/2014, M, M, M,0,0
6/4/2014,79,41,A,0,0
6/5/2014,67,45,0,0,0
6/6/2014,62,40,0,0,0
6/7/2014,71,41,0,0,0
6/8/2014,78,46,0,0,0
6/9/2014,77,56,2.11,0,0
6/10/2014,71,55,0,0,0
6/11/2014,75,58,0,0,0
6/12/2014,80,64,0.2,0,0
6/13/2014, M, M, S,0,0
6/14/2014,76,48,A,0,0
6/15/2014,73,42,0,0,0
6/16/2014,78,46,0,0,0
6/17/2014,84,48,0,0,0
6/18/2014,85,58,0.22,0,0
6/19/2014,80,61,0.27,0,0
6/20/2014,72,40,0.17,0,0
6/21/2014,74,51,0,0,0
6/22/2014,74,45,0,0,0
6/23/2014,78,51,0,0,0
6/24/2014,82,52,0,0,0
6/25/2014,80,65,1.08,0,0
6/26/2014,72,62,0.52,0,0
6/27/2014,81,56,0,0,0
6/28/2014,83,56,0,0,0
6/29/2014,82,63,0,0,0
6/30/2014,82,64,0.45,0,0
7/1/2014,85,66,0,0,0
7/2/2014,85,66,0.58,0,0
7/3/2014,81,62,0.13,0,0
7/4/2014,68,52,0.04,0,0
7/5/2014,72,50,0,0,0
7/6/2014,65,51,0,0,0
7/7/2014, M, M,0,0,0
7/8/2014,76,62,1.84,0,0
7/9/2014,76,57,0.2,0,0
7/10/2014,69,48,0.4,0,0
7/11/2014,78,48,0,0,0
7/12/2014,80,59,0,0,0
7/13/2014,82,62,0.06,0,0
7/14/2014,78,57,0.85,0,0
7/15/2014,79,57,1.77,0,0
7/16/2014,74,51,0.07,0,0
7/17/2014,67,49,0.03,0,0
7/18/2014,73,43,0,0,0
7/19/2014,73,51,0,0,0
7/20/2014,72,60,0.18,0,0
7/21/2014,74,57,0,0,0
7/22/2014,82,55,0,0,0
7/23/2014,85,55,0,0,0
7/24/2014,77,56,0.21,0,0
7/25/2014,78,42,0,0,0
7/26/2014,77,50,0,0,0
7/27/2014,78,60,0.02,0,0
7/28/2014,71,61,0.14,0,0
7/29/2014,64,50,0.25,0,0
7/30/2014,64,49, T,0,0
7/31/2014,69,52,0.23,0,0
8/1/2014,72,50,0,0,0
8/2/2014, M, M, M, M,0
8/3/2014, M, M, M, M,0
8/4/2014, M, M, M, M,0
8/5/2014, M, M, M, M,0
8/6/2014, M, M, M, M,0
8/7/2014, M, M, M, M,0
8/8/2014, M, M, M, M,0
8/9/2014, M, M, M, M,0
8/10/2014, M, M, M, M,0
8/11/2014,81,47,0,0,0
8/12/2014,77,55,0.82,0,0
8/13/2014,72,61,1.79,0,0
8/14/2014,63,55,0.09,0,0
8/15/2014,65,47,0,0,0
8/16/2014,67,49,0,0,0
8/17/2014,68,54,0.38,0,0
8/18/2014,71,48,0,0,0
8/19/2014,74,48,0,0,0
8/20/2014,77,53,0,0,0
8/21/2014,80,59, T,0,0
8/22/2014,77,59,0,0,0
8/23/2014,81,64, T,0,0
8/24/2014,76,59,0,0,0
8/25/2014,75,52,0,0,0
8/26/2014,78,52,0,0,0
8/27/2014,82,55,0,0,0
8/28/2014,75,54,0,0,0
8/29/2014,79,43,0,0,0
8/30/2014,81,47,0,0,0
8/31/2014,84,59,0.22,0,0
9/1/2014,70,66,0.87,0,0
9/2/2014,79,66,1,0,0
9/3/2014,77,56,0.71,0,0
9/4/2014,78,55,0,0,0
9/5/2014,82,55,0,0,0
9/6/2014,86,60,0.38,0,0
9/7/2014,68,46,0,0,0
9/8/2014,70,42,0,0,0
9/9/2014,73,42,0,0,0
9/10/2014,72,57,0,0,0
9/11/2014,75,60,0.95,0,0
9/12/2014,71,47,0.26,0,0
9/13/2014,71,46,0,0,0
9/14/2014,67,45,0,0,0
9/15/2014,62,44,0,0,0
9/16/2014,62,45,0.52,0,0
9/17/2014,61,40,0.02,0,0
9/18/2014,64,42,0,0,0
9/19/2014,63,40,0,0,0
9/20/2014,65,42,0,0,0
9/21/2014,70,58,0,0,0
9/22/2014,73,46,0.57,0,0
9/23/2014,49,35,0.12,0,0
9/24/2014,66,35,0,0,0
9/25/2014,71,42,0,0,0
9/26/2014,70,41,0,0,0
9/27/2014,73,41,0,0,0
9/28/2014,77,44,0,0,0
9/29/2014,76,48,0,0,0
9/30/2014,74,47,0,0,0
10/1/2014,70,47,0.96,0,0
10/2/2014,70,46,0,0,0
10/3/2014, M, M, S,0,0
10/4/2014, M, M, M,0,0
10/5/2014, M, M, M,0,0
10/6/2014, M, M, M,0,0
10/7/2014,65,47,A,0,0
10/8/2014,62,50,0.4,0,0
10/9/2014,55,41,0.02,0,0
10/10/2014,56,32,0,0,0
10/11/2014,55,32,0,0,0
10/12/2014,57,27,0,0,0
10/13/2014,59,33,0,0,0
10/14/2014,68,46,0.03,0,0
10/15/2014,76,56,0.38,0,0
10/16/2014,62,47,0.05,0,0
10/17/2014,62,49,0.07,0,0
10/18/2014,60,43,0.55,0,0
10/19/2014,50,34,0.27,0,0
10/20/2014,46,31,0,0,0
10/21/2014, M, M, S,0,0
10/22/2014,51,43,A,0,0
10/23/2014,45,40,0,0,0
10/24/2014,54,34,0,0,0
10/25/2014,58,33,0,0,0
10/26/2014,62,42, T,0,0
10/27/2014,55,28,0,0,0
10/28/2014,65,28, T,0,0
10/29/2014,74,46,0.32,0,0
10/30/2014,50,40,0.07,0,0
10/31/2014,44,34,0,0,0
11/1/2014,44,31,0.22,0,0
11/2/2014,40,28, T, T, T
11/3/2014,36,27,0,0,0
11/4/2014,54,26,0,0,0
11/5/2014,64,40,0.18,0,0
11/6/2014,55,30,0.04,0,0
11/7/2014,42,33,1.15,0,0
11/8/2014,38,28,0.33,0.5, T
11/9/2014,41,32,0.08,0, M
11/10/2014,44,37,0,0,0
11/11/2014,60,39,0,0,0
11/12/2014,66,35,0.05,0,0
11/13/2014,40,29,0,0,0
11/14/2014,30,19,0.31,4,4
11/15/2014,31,22,0.18,3,7
11/16/2014,29,13,0,0,6
11/17/2014,32,23,0.05,1,4
11/18/2014,33,9,0.12,1.5,5
11/19/2014,27,8,0,0,5
11/20/2014,22,10,0.1,1.5,5
11/21/2014,25,12,0.29,4,9
11/22/2014,32,4,0,0,8
11/23/2014,40,20,0,0,4
11/24/2014,56,40,0.28,0, M
11/25/2014,63,34,0.02,0, M
11/26/2014,38,30,0,0, M
11/27/2014,32,25, T, T, M
11/28/2014,31,19,0.21,5,5
11/29/2014,29,16,0,0,4
11/30/2014,44,24,0,0, M
12/1/2014,57,35,0.04,0,0
12/2/2014,35,18,0,0,0
12/3/2014,38,18,0.1,0,0
12/4/2014,36,22,0.02,0,0
12/5/2014,36,16,0,0,0
12/6/2014,32,24,0.7,0,0
12/7/2014,35,22,0.12,0,0
12/8/2014,32,23,0,0,0
12/9/2014,36,23,0,0,0
12/10/2014,43,28,0.02,0.5,1
12/11/2014,28,22,0.19,4.5,5
12/12/2014,27,22,0.55,8,13
12/13/2014,30,25,0,0,12
12/14/2014,35,27,0.05,0,10
12/15/2014,36,34,0.13,0,8
12/16/2014,38,34,0.07,0,4
12/17/2014,42,34,0.54,0,1
12/18/2014,35,25,0.1,0.5,1
12/19/2014,28,23,0.03,0,1
12/20/2014,26,22,0,0,1
12/21/2014,26,23,0,0,1
12/22/2014,27,22,0,0,1
12/23/2014,40,22,0.02,0, M
12/24/2014,46,39,0.03,0,0
12/25/2014, M, M,0,0,0
12/26/2014, M, M,0,0,0
12/27/2014,49,32,0,0,0
12/28/2014,52,34,0.44,0,0
12/29/2014,39,24,0,0,1
12/30/2014,26,19,0.02,1,4
12/31/2014,22,13,0.06,3, M
1/1/2015,19,10,0,0,3
1/2/2015,27,17,0.06,1,4
1/3/2015,31,13,0,0,3
1/4/2015,56,29,1.3,0,0
1/5/2015,56,14,0.26,3,3
1/6/2015,17,5,0.02,1,3
1/7/2015,13,6,0.09,2,5
1/8/2015,9,-2,0.09,2,8
1/9/2015,16,5,0.03,2,6
1/10/2015,24,0,0.25,3,10
1/11/2015,27,18,0,0,9
1/12/2015,33,18,0.05,2,8
1/13/2015,30,5,0.02,0.5,8
1/14/2015,18,-12,0,0,8
1/15/2015,23,-10,0,0,8
1/16/2015,26,8,0.02,0.5,8
1/17/2015,25,0,0,0,8
1/18/2015,37,9,0,0,8
1/19/2015,41,28,0.06,0.5,7
1/20/2015,35,18,0,0,7
1/21/2015,25,-2,0,0,6
1/22/2015,28,0,0.03,1,6
1/23/2015,24,8,0,0,6
1/24/2015,30,16,0,0,6
1/25/2015,28,16,0.06,1,6
1/26/2015,30,11,0.02,0.1,6
1/27/2015,18,10,0.02,2,8
1/28/2015,14,-5,0.02,2,10
1/29/2015,27,-6,0.05,0,10
1/30/2015,34,21,0.05,4,14
1/31/2015,25,-1,0.02,4,17
2/1/2015,25,16,0.05,0.1,14
2/2/2015,28,8,0.3,6,14
2/3/2015,18,-4,0.02,1,14
2/4/2015,26,-1,0.05,1,16
2/5/2015,30,4,0.02,4.7,18
2/6/2015,19,-10,0.02,0,16
2/7/2015,25,4,0.05,1,15
2/8/2015,35,24,0.06,0,14
2/9/2015,40,19,0.08,0.2,12
2/10/2015,22,18,0.02,0,12
2/11/2015,23,17,0.03,0,11
2/12/2015,31,18,0.04,3.5,14
2/13/2015,22,-15,0.01,0.5,14
2/14/2015,21,-7,0.02,1,15
2/15/2015,25,-14,0.01,3,18
2/16/2015,-9,-24,0,0,17
2/17/2015,17,-24,0,0,17
2/18/2015,22,-13,0,0,17
2/19/2015,18,-2,0.01,2,18
2/20/2015,2,-15, T,0.2,18
2/21/2015,14,-14,0,0,18
2/22/2015,22,14,0.05,1.5,19
2/23/2015,26,-5,0.05,0.5,18
2/24/2015,1,-21,0,0,18
2/25/2015,22,-17,0.05,4,22
2/26/2015,17,3,0,0,21
2/27/2015,17,-10,0.01,1,20
2/28/2015,11,-20,0,0,20
3/1/2015,22,-19,0.04,1,20
3/2/2015,28,14,0.05,2.5,21
3/3/2015,39,-7, T, T,22
3/4/2015,40,3,0.06,0.5,22
3/5/2015,32,6,0.02,0.5,21
3/6/2015,9,-15,0,0,21
3/7/2015,22,-13,0.01, T,21
3/8/2015,34,12,0.06,1,21
3/9/2015,38,22,0,0,20
3/10/2015,44,17,0,0,20
3/11/2015,47,17,0.01,0.1,19
3/12/2015,47,24,0,0,17
3/13/2015,40,20,0,0,17
3/14/2015,40,20, S, M, M
3/15/2015,52,21,A,0.2,13
3/16/2015,30,25,0,0,12
3/17/2015,52,26,0.05,0,10
3/18/2015,40,14,0,0,10
3/19/2015,30,11,0,0,9
3/20/2015,37,10,0,0,8
3/21/2015,39,28, T, T,7
3/22/2015,40,15,0.2,0,6
3/23/2015,23,11,0,0,6
3/24/2015,25,9,0,0,5
3/25/2015,41,12,0,0,4
3/26/2015,46,30,0.1,0,3
3/27/2015,38,29, S, M, M
3/28/2015,38,12,A,3,5
3/29/2015,21,4,0.3,3,5
3/30/2015,40,6,0.05,0,1
3/31/2015,41,23,0.02,0.1,1
4/1/2015,41,19,0.01,0.2, T
4/2/2015,42,19,0,0,0
4/3/2015,65,29,0.5,0,0
4/4/2015,57,28,0.47, M,0
4/5/2015,36,26,0.05,0.5,1
4/6/2015,42,28,0.01,0.2, T
4/7/2015,60,28,0.4,0,0
4/8/2015,45,38,0.4,0,0
4/9/2015,48,41,0.1,0,0
4/10/2015,61,44,0.3,0,0
4/11/2015,61,32,0.2,0,0
4/12/2015,45,25, T, T,0
4/13/2015,65,25,0,0,0
4/14/2015,78,34,0.46,0,0
4/15/2015,56,28,0,0,0
4/16/2015,60,29,0,0,0
4/17/2015,66,42,0.29,0,0
4/18/2015,64,35,0,0,0
4/19/2015,68,34,0,0,0
4/20/2015,70,43,0.2,0,0
4/21/2015,68,41,0.37,0,0
4/22/2015,52,36,0.15,0,0
4/23/2015,40,27,0.09,0.5, T
4/24/2015,29,26,0.1, T, T
4/25/2015,39,24,0,0,0
4/26/2015,50,25,0,0,0
4/27/2015,49,29,0,0,0
4/28/2015,41,29,0.09,0,0
4/29/2015,58,31,0,0,0
4/30/2015,64,34,0,0,0
5/1/2015,63,35, T,0,0
5/2/2015,62,33,0,0,0
5/3/2015,68,33,0,0,0
5/4/2015,74,36,0,0,0
5/5/2015,80,44, T,0,0
5/6/2015,71,52,0.28,0,0
5/7/2015,67,49,0,0,0
5/8/2015,78,45,0,0,0
5/9/2015,86,48, T,0,0
5/10/2015,87,60,0.48,0,0
5/11/2015,84,61,0.32,0,0
5/12/2015,82,62,0.98,0,0
5/13/2015,63,39,0.05,0,0
5/14/2015,46,31,0,0,0
5/15/2015,67,32,0,0,0
5/16/2015,66,46,0.24,0,0
5/17/2015,71,46,0.08,0,0
5/18/2015,78,56,0.01,0,0
5/19/2015,81,59,0.82,0,0
5/20/2015,67,36,0.05,0,0
5/21/2015,51,36,0,0,0
5/22/2015,58,41,0,0,0
5/23/2015,56,27,0,0,0
5/24/2015,66,32,0,0,0
5/25/2015,76,37,0,0,0
5/26/2015,80,54,0,0,0
5/27/2015,78,66,0,0,0
5/28/2015,79,59,0.25,0,0
5/29/2015,74,47,0,0,0
5/30/2015,82,51, T,0,0
5/31/2015,82,52,0.46,0,0
6/1/2015,53,44,1.16,0,0
6/2/2015,51,44,0.03,0,0
6/3/2015,65,37, T,0,0
6/4/2015,73,39,0,0,0
6/5/2015,73,54,0,0,0
6/6/2015,78,55,0.05,0,0
6/7/2015,67,39,0,0,0
6/8/2015,80,39,0.11,0,0
6/9/2015,73,59,1.03,0,0
6/10/2015,64,48,0.55,0,0
6/11/2015,79,48,0.1,0,0
6/12/2015,77,55,0,0,0
6/13/2015,85,57,0.26,0,0
6/14/2015,85,58,0.02,0,0
6/15/2015,76,63,2.02,0,0
6/16/2015,79,69,0.5,0,0
6/17/2015,75,49,0.26,0,0
6/18/2015,72,51,0,0,0
6/19/2015,76,51,0.48,0,0
6/20/2015,68,53,0.05,0,0
6/21/2015,73,57, T,0,0
6/22/2015,76,57,0.08,0,0
6/23/2015,81,59,1.05,0,0
6/24/2015,77,47,0.04,0,0
6/25/2015,72,47,0,0,0
6/26/2015,72,49, T,0,0
6/27/2015,74,53, T,0,0
6/28/2015,61,54,1.16,0,0
6/29/2015,63,54,0.37,0,0
6/30/2015,71,55,0.43,0,0
7/1/2015,73,59,1.06,0,0
7/2/2015,69,53,0.22,0,0
7/3/2015,69,42, T,0,0
7/4/2015,76,49,0,0,0
7/5/2015,75,47,0,0,0
7/6/2015,79,54,0,0,0
7/7/2015,80,54, T,0,0
7/8/2015,83,59,0.8,0,0
7/9/2015,71,57,0.05,0,0
7/10/2015,71,53,1.08,0,0
7/11/2015,74,47,0,0,0
7/12/2015,78,50,0,0,0
7/13/2015,79,54,0,0,0
7/14/2015,81,58,0.12,0,0
7/15/2015,77,58,2.05,0,0
7/16/2015,66,44,0.05,0,0
7/17/2015,76,43,0,0,0
7/18/2015,76,56,0.05,0,0
7/19/2015,85,67,0,0,0
7/20/2015,87,68, T,0,0
7/21/2015,82,59,0,0,0
7/22/2015,73,54,0.24,0,0
7/23/2015,69,46,0,0,0
7/24/2015,75,46,0,0,0
7/25/2015,80,52, T,0,0
7/26/2015,82,54,0,0,0
7/27/2015,82,52,0,0,0
7/28/2015,85,56,0,0,0
7/29/2015,86,56,0,0,0
7/30/2015,87,56,0.16,0,0
7/31/2015,79,55,0,0,0
8/1/2015,81,55,0.03,0,0
8/2/2015,76,51,0,0,0
8/3/2015,82,52,0,0,0
8/4/2015,76,54,0,0,0
8/5/2015,75,53,0.01,0,0
8/6/2015,71,46,0,0,0
8/7/2015,71,45,0,0,0
8/8/2015,76,46,0,0,0
8/9/2015,76,50,0,0,0
8/10/2015,80,54,0,0,0
8/11/2015,83,57,2.53,0,0
8/12/2015,72,60,0.16,0,0
8/13/2015,69,47,0.02,0,0
8/14/2015,74,46, T,0,0
8/15/2015,81,57,0,0,0
8/16/2015,82,56,0.62,0,0
8/17/2015,82,57,0,0,0
8/18/2015,85,58,0,0,0
8/19/2015,78,62,0.03,0,0
8/20/2015,84,66,0.2,0,0
8/21/2015,76,54,0.59,0,0
8/22/2015,76,42,0,0,0
8/23/2015,73,42,0,0,0
8/24/2015,78,50,0,0,0
8/25/2015,73,48,0,0,0
8/26/2015,63,47,0.07,0,0
8/27/2015,65,54,0.08,0,0
8/28/2015,63,50,0.04,0,0
8/29/2015,73,49,0,0,0
8/30/2015,76,51,0.05,0,0
8/31/2015,77,58,0.03,0,0
9/1/2015,81,57,0,0,0
9/2/2015,83,59,0,0,0
9/3/2015,83,59,0,0,0
9/4/2015,84,59,0,0,0
9/5/2015,84,61, T,0,0
9/6/2015,83,62,0,0,0
9/7/2015,85,61,1.38,0,0
9/8/2015,86,60,0,0,0
9/9/2015,86,60,0,0,0
9/10/2015,79,59,0.2,0,0
9/11/2015,72,47,0,0,0
9/12/2015,76,47,0.37,0,0
9/13/2015,59,51,0.64,0,0
9/14/2015,54,45,0.44,0,0
9/15/2015,67,41,0,0,0
9/16/2015,76,42,0,0,0
9/17/2015,80,49,0,0,0
9/18/2015,80,48,0,0,0
9/19/2015,79,48, T,0,0
9/20/2015,74,51,0.95,0,0
9/21/2015,65,38,0,0,0
9/22/2015,68,39,0,0,0
9/23/2015,70,44,0,0,0
9/24/2015,74,42,0,0,0
9/25/2015,75,42,0,0,0
9/26/2015,73,48,0,0,0
9/27/2015,71,49,0,0,0
9/28/2015,71,51,0.18,0,0
9/29/2015,66,61,0.26,0,0
9/30/2015,69,53,2.16,0,0
10/1/2015,53,43,0.05,0,0
10/2/2015,55,39,0,0,0
10/3/2015,47,39,0,0,0
10/4/2015,46,39,0.44,0,0
10/5/2015,62,41,0,0,0
10/6/2015,69,41,0,0,0
10/7/2015,60,50,0.06,0,0
10/8/2015,64,40,0,0,0
10/9/2015,66,39,0.35,0,0
10/10/2015,62,36,0.82,0,0
10/11/2015,58,35,0,0,0
10/12/2015,69,38,0,0,0
10/13/2015,72,42,0.43,0,0
10/14/2015,59,47,0.36,0,0
10/15/2015,51,32,0.1,0,0
10/16/2015,60,31,0.56,0,0
10/17/2015,53,33,0.23, T,0
10/18/2015,40,29,0.05,0.5, T
10/19/2015,37,24,0.28,3,1
10/20/2015,54,23,0,0,0
10/21/2015,69,51,0.08,0,0
10/22/2015,67,51,0.05,0,0
10/23/2015,62,35, T,0,0
10/24/2015,55,33,0,0,0
10/25/2015,57,42,0.6,0,0
10/26/2015,49,30,0.05,0,0
10/27/2015,52,29,0,0,0
10/28/2015,56,30,0.37,0,0
10/29/2015,62,47,1.16,0,0
10/30/2015,50,38,0.24,0,0
10/31/2015,45,29,0.03,0,0
11/1/2015,51,33,0.12,0,0
11/2/2015,61,32,0.04,0,0
11/3/2015,62,32,0,0,0
11/4/2015,72,32,0,0,0
11/5/2015,76,35,0,0,0
11/6/2015,74,51, T,0,0
11/7/2015,65,44,0.27,0,0
11/8/2015,48,30,0.05,0,0
11/9/2015,47,22,0,0,0
11/10/2015,57,22,0.03,0,0
11/11/2015,52,46,0.6,0,0
11/12/2015,48,32,0.07,0,0
11/13/2015,56,41,0.52,0,0
11/14/2015,41,32,0.55,2.1,1
11/15/2015,41,31,0.2,0,1
11/16/2015,57,31,0,0,0
11/17/2015,59,30,0,0,0
11/18/2015,57,30,0,0,0
11/19/2015,59,46,0.13,0,0
11/20/2015,62,32,0.11,0,0
11/21/2015,42,26,0,0,0
11/22/2015,44,29,0.1,3.8,3
11/23/2015,31,16, T, T,3
11/24/2015,32,14, T, T,2
11/25/2015,35,20, T, T,1
11/26/2015,49,22,0,0,1
11/27/2015,58,43,0,0,0
11/28/2015,58,35,0.47,0,0
11/29/2015,41,26,0,0,0
11/30/2015,36,24,0,0,0
12/1/2015,43,23,0,0,0
12/2/2015,48,40,0.16,0,0
12/3/2015,43,32,0.51,1.8,2
12/4/2015,38,33,0.17,0,0
12/5/2015,35,33,0,0,0
12/6/2015,44,19,0,0,0
12/7/2015,43,19,0,0,0
12/8/2015,44,20,0,0,0
12/9/2015,41,28,0,0,0
12/10/2015,51,30,0.11,0,0
12/11/2015,51,40,0,0,0
12/12/2015,55,35,0,0,0
12/13/2015,58,42,0.05,0,0
12/14/2015,63,48, T,0,0
12/15/2015,66,42,0.59,0,0
12/16/2015,43,37,0.11,0,0
12/17/2015,47,37,0.26,0,0
12/18/2015,48,30,0.15,0,0
12/19/2015,31,22,0.2,9,9
12/20/2015,25,21,0.03,2.5,8
12/21/2015,43,18,0,0,4
12/22/2015,49,41,0.22,0,0
12/23/2015,54,38,0.96,0,0
12/24/2015,62,47,0.02,0,0
12/25/2015,59,29,0,0,0
12/26/2015,54,30,0,0,0
12/27/2015,54,35,0.94,0,0
12/28/2015,54,25,0.34, T,0
12/29/2015,37,24,0.34,1, T
12/30/2015,43,33,0.12,0,0
12/31/2015,39,31,0.02, T,0
1/1/2016,31,26, T, T,0
1/2/2016,26,22,0.5,5,5
1/3/2016,29,22, T, T,5
1/4/2016,29,9,0.1,1,4
1/5/2016,10,-7,0,0,4
1/6/2016,25,-8,0,0,3
1/7/2016,37,1,0,0,3
1/8/2016,42,7,0,0,2
1/9/2016,39,12,0.16,0,0
1/10/2016,46,39,0.15,0,0
1/11/2016,46,12,0.33,4,4
1/12/2016,21,6,0.3,2,3
1/13/2016,26,11,0.5,5,7
1/14/2016,17,9,0.13,2,7
1/15/2016,39,17,0.05,0.5,5
1/16/2016,47,36,0.5,0,2
1/17/2016,36,23,0.5,0.5,1
1/18/2016,27,6,0.4,6.7,8
1/19/2016,9,6,0.76,10,12
1/20/2016,15,7,0.1,1.8,10
1/21/2016,19,15,0.02,1,10
1/22/2016,20,9,0.18,2.9,12
1/23/2016,20,6,0,0,10
1/24/2016,20,6,0,0,9
1/25/2016,23,10,0,0,9
1/26/2016,41,23,0.04,0,6
1/27/2016,45,27,0.02,0.5,5
1/28/2016,28,22,0.02,0.5,5
1/29/2016,36,23,0.01,1.5,6
1/30/2016,24,11,0.04,3,6
1/31/2016,48,20,0,0,4
2/1/2016,55,36,0.08,0,0
2/2/2016,38,21,0,0,0
2/3/2016,44,20,0.68,0,0
2/4/2016,56,33,0.06, T,0
2/5/2016,34,26,0.01,0.2, T
2/6/2016,29,14,0.01,0.2, T
2/7/2016,36,20,0,0,0
2/8/2016,45,19,0,0,0
2/9/2016,41,28, T, T, T
2/10/2016,33,22,0.01,1,1
2/11/2016,24,7,0.02,3,3
2/12/2016,11,6,0.02,2,2
2/13/2016,19,2,0.5,2.1,3
2/14/2016,2,-16,0.3,2.4,3
2/15/2016,11,-17,0.03, T,3
2/16/2016,24,11,0.2,8,10
2/17/2016,29,24,0.06,4,13
2/18/2016,27,8,0.16,2,14
2/19/2016,29,2,0,0,13
2/20/2016,47,22,0,0,7
2/21/2016,59,24,0,0,4
2/22/2016,38,15,0,0,3
2/23/2016,35,15,0,0, T
2/24/2016,45,17,0.4,0,0
2/25/2016,50,34,0.82,0,0
2/26/2016,35,15,0.24,3,3
2/27/2016,22,14, T, T,1
2/28/2016,37,21,0,0, T
2/29/2016,60,33,0.1,0,0
3/1/2016,41,18, T, T,0
3/2/2016,53,15,0.3,0.5,1
3/3/2016,20,7,0.15,2,2
3/4/2016,25,6, T,0.5, T
3/5/2016,29,11,0,0, T
3/6/2016,31,16, T,0.3, T
3/7/2016,40,23,0,0,0
3/8/2016,61,35,0,0,0
3/9/2016,67,38,0,0,0
3/10/2016,70,46,0.08,0,0
3/11/2016,58,37,0.86,0,0
3/12/2016,39,26,0.03,0,0
3/13/2016,62,26,0,0,0
3/14/2016,53,42,0.12,0,0
3/15/2016,47,43,0.03,0,0
3/16/2016,49,40,0.04,0,0
3/17/2016,62,34,0.04,0,0
3/18/2016,52,34, T,0,0
3/19/2016,43,18, T, T,0
3/20/2016,38,18,0,0,0
3/21/2016,41,20,0,0,0
3/22/2016,32,18, T, T, T
3/23/2016,53,18,0.02,0,0
3/24/2016,53,36, T,0,0
3/25/2016,69,38,0.36,0,0
3/26/2016,39,27, T, T,0
3/27/2016,53,26,0,0,0
3/28/2016,71,26,0.25,0,0
3/29/2016,52,29,0.39, T,0
3/30/2016,39,19,0,0,0
3/31/2016,63,19,0.06,0,0
4/1/2016,64,50,0.36,0,0
4/2/2016,52,34,0.08,0,0
4/3/2016,39,17,0.8,2,2
4/4/2016,34,17,0.12,1,1
4/5/2016,32,7, T,0.9,1
4/6/2016,30,6,0,0,1
4/7/2016,52,21, T,0,0
4/8/2016,46,23,0.1,1.7,2
4/9/2016,34,23,0.08,0.6,1
4/10/2016,28,14, T, T,1
4/11/2016,45,16,0.29, T,0
4/12/2016,51,30,0.61,0,0
4/13/2016,39,20,0.01, T,0
4/14/2016,46,21,0,0,0
4/15/2016,57,26,0,0,0
4/16/2016,67,32,0,0,0
4/17/2016,71,33,0,0,0
4/18/2016,75,34,0,0,0
4/19/2016,72,34,0,0,0
4/20/2016,58,27,0,0,0
4/21/2016,68,28,0,0,0
4/22/2016,68,35,0.01,0,0
4/23/2016,64,41,0.11,0,0
4/24/2016,52,27,0,0,0
4/25/2016,59,27,0,0,0
4/26/2016,71,44,0.17,0,0
4/27/2016,54,29,0,0,0
4/28/2016,56,29,0,0,0
4/29/2016,50,38,0.11,0,0
4/30/2016,48,40,0.33,0,0
5/1/2016,54,40,0.48,0,0
5/2/2016,60,45,0.32,0,0
5/3/2016,48,43,0.23,0,0
5/4/2016,52,38,0,0,0
5/5/2016,60,42,0.01,0,0
5/6/2016,58,37,0,0,0
5/7/2016,62,39,0.02,0,0
5/8/2016,68,39,0.09,0,0
5/9/2016,56,32,0,0,0
5/10/2016,56,30,0,0,0
5/11/2016,58,31,0,0,0
5/12/2016,70,43,0,0,0
5/13/2016,78,47,0.38,0,0
5/14/2016,64,44,0.07,0,0
5/15/2016,54,33,0.17, T,0
5/16/2016,41,32,0.06, T,0
5/17/2016,59,33, T,0,0
5/18/2016,58,35,0.02,0,0
5/19/2016,62,31,0,0,0
5/20/2016,62,32,0,0,0
5/21/2016,72,36,0,0,0
5/22/2016,58,46,0.32,0,0
5/23/2016,66,41,0,0,0
5/24/2016,74,41,0,0,0
5/25/2016,75,41,0,0,0
5/26/2016,81,44, T,0,0
5/27/2016,82,55, T,0,0
5/28/2016,85,56,0,0,0
5/29/2016,87,60,0.31,0,0
5/30/2016,83,55,0.26,0,0
5/31/2016,78,50,0,0,0
6/1/2016,76,47,0,0,0
6/2/2016,84,48,0.04,0,0
6/3/2016,79,53,0.33,0,0
6/4/2016,79,47,0,0,0
6/5/2016,80,53,0.05,0,0
6/6/2016,71,52,0.67,0,0
6/7/2016,75,51,0.41,0,0
6/8/2016,63,46,0.14,0,0
6/9/2016,51,37,0.03,0,0
6/10/2016,62,37,0,0,0
6/11/2016,71,45,0.06,0,0
6/12/2016,83,55, T,0,0
6/13/2016,64,50,0,0,0
6/14/2016,62,42, T,0,0
6/15/2016,73,42,0,0,0
6/16/2016,78,46,0.14,0,0
6/17/2016,73,50,0,0,0
6/18/2016,80,46,0,0,0
6/19/2016,82,48,0,0,0
6/20/2016,83,53,0,0,0
6/21/2016,84,53,0,0,0
6/22/2016,75,49, T,0,0
6/23/2016,74,51,0,0,0
6/24/2016,74,40,0,0,0
6/25/2016,81,46,0,0,0
6/26/2016,85,57,0,0,0
6/27/2016,87,66,0.55,0,0
6/28/2016,84,54,0.08,0,0
6/29/2016,74,55,0.09,0,0
6/30/2016,69,42, T,0,0
7/1/2016,76,43,0,0,0
7/2/2016,70,46,0.09,0,0
7/3/2016,72,43,0,0,0
7/4/2016,74,44,0,0,0
7/5/2016,80,50,0.15,0,0
7/6/2016,81,57,0.06,0,0
7/7/2016,86,57,0.06,0,0
7/8/2016,83,60,0.18,0,0
7/9/2016,81,64,0.21,0,0
7/10/2016,74,60,0.38,0,0
7/11/2016,76,50,0,0,0
7/12/2016,80,51,0,0,0
7/13/2016,86,58,0,0,0
7/14/2016,87,66,0.55,0,0
7/15/2016,82,65,0.12,0,0
7/16/2016,81,55, T,0,0
7/17/2016,73,49,0,0,0
7/18/2016,79,53,0.02,0,0
7/19/2016,81,53,0.11,0,0
7/20/2016,75,46,0,0,0
7/21/2016,80,44,0,0,0
7/22/2016,85,44,0.25,0,0
7/23/2016,85,60,0.12,0,0
7/24/2016,85,55,0,0,0
7/25/2016,85,60, T,0,0
7/26/2016,81,62,0.51,0,0
7/27/2016,79,52,0,0,0
7/28/2016,84,52,0,0,0
7/29/2016,82,55,0,0,0
7/30/2016,83,60,0.04,0,0
7/31/2016,72,61,0.39,0,0
8/1/2016,79,62,0.04,0,0
8/2/2016,80,54,0,0,0
8/3/2016,82,52,0,0,0
8/4/2016,84,52,0,0,0
8/5/2016,87,56,0,0,0
8/6/2016,84,66,0.18,0,0
8/7/2016,77,53,0,0,0
8/8/2016,77,51,0,0,0
8/9/2016,83,50,0,0,0
8/10/2016,86,50,0.53,0,0
8/11/2016,87,67,0.03,0,0
8/12/2016,86,67,0.42,0,0
8/13/2016,86,71,0.13,0,0
8/14/2016,88,72,0.1,0,0
8/15/2016,77,64,0.05,0,0
8/16/2016,75,66, T,0,0
8/17/2016,84,65,0.89,0,0
8/18/2016,81,62,0.18,0,0
8/19/2016,77,58,0.36,0,0
8/20/2016,84,58,0,0,0
8/21/2016,85,63,0.02,0,0
8/22/2016,73,54,0.42,0,0
8/23/2016,70,46,0,0,0
8/24/2016,77,46,0,0,0
8/25/2016,82,52,0.1,0,0
8/26/2016,83,65,0.53,0,0
8/27/2016,81,54,0,0,0
8/28/2016,84,57,0,0,0
8/29/2016,86,63,0.05,0,0
8/30/2016,78,53,0,0,0
8/31/2016,81,53,0,0,0
9/1/2016,73,59,0.15,0,0
9/2/2016,69,49,0,0,0
9/3/2016,71,40,0,0,0
9/4/2016,74,40,0,0,0
9/5/2016,79,46,0,0,0
9/6/2016,81,47,0,0,0
9/7/2016,84,52,0,0,0
9/8/2016,86,61,0.14,0,0
9/9/2016,84,70,0.8,0,0
9/10/2016,80,60,0.22,0,0
9/11/2016,85,59,0.43,0,0
9/12/2016,73,48,0,0,0
9/13/2016,74,45,0,0,0
9/14/2016,79,46,0,0,0
9/15/2016,66,39,0,0,0
9/16/2016,69,39,0,0,0
9/17/2016,76,42,0,0,0
9/18/2016,73,62,1.35,0,0
9/19/2016,76,57,0.09,0,0
9/20/2016,77,49,0,0,0
9/21/2016,81,45,0,0,0
9/22/2016,79,45,0,0,0
9/23/2016,81,47,0,0,0
9/24/2016,78,52,0,0,0
9/25/2016,63,33,0,0,0
9/26/2016,67,33,0,0,0
9/27/2016,72,44,0.11,0,0
9/28/2016,66,41,0,0,0
9/29/2016,71,41,0,0,0
9/30/2016,61,54,0.15,0,0
10/1/2016,66,54,0.25,0,0
10/2/2016,65,53,0.02,0,0
10/3/2016,66,52,0.15,0,0
10/4/2016,65,52, T,0,0
10/5/2016,67,49,0,0,0
10/6/2016,69,43,0,0,0
10/7/2016,75,42,0,0,0
10/8/2016,74,42, T,0,0
10/9/2016,61,37,0.6,0,0
10/10/2016,52,34, T,0,0
10/11/2016,55,27,0,0,0
10/12/2016,62,27,0,0,0
10/13/2016,70,44,0.25,0,0
10/14/2016,55,31,0,0,0
10/15/2016,57,30,0,0,0
10/16/2016,70,31,0,0,0
10/17/2016,73,58,0.37,0,0
10/18/2016,73,61,0,0,0
10/19/2016,75,55,0.18,0,0
10/20/2016,67,44,0.24,0,0
10/21/2016,61,48,1.53,0,0
10/22/2016,49,38,1.26,0,0
10/23/2016,45,35,0.05,0,0
10/24/2016,54,44,0.5,0,0
10/25/2016,46,38,0.03,0,0
10/26/2016,44,25,0,0,0
10/27/2016,41,24,0.41,0,0
10/28/2016,49,34,0.42,0,0
10/29/2016,56,31,0.02,0,0
10/30/2016,63,50, T,0,0
10/31/2016,52,29,0.45,0,0
11/1/2016,48,28,0,0,0
11/2/2016,68,36,0,0,0
11/3/2016,69,46,0.51,0,0
11/4/2016,59,39,0.16,0,0
11/5/2016,47,36,0,0,0
11/6/2016,57,36,0,0,0
11/7/2016,55,26,0,0,0
11/8/2016,64,26,0,0,0
11/9/2016,60,28,0.32,0,0
11/10/2016,45,31,0.03,0,0
11/11/2016,54,33,0,0,0
11/12/2016,45,21,0,0,0
11/13/2016,45,22,0,0,0
11/14/2016,54,24,0,0,0
11/15/2016,57,22,0,0,0
11/16/2016,54,22,0,0,0
11/17/2016,46,29,0.36,0,0
11/18/2016,53,28, T,0,0
11/19/2016,70,29,0,0,0
11/20/2016,60,27,0.12,4,4
11/21/2016,28,25,0.05,4,8
11/22/2016,30,26,0.5,2.5,6
11/23/2016,33,25,0,0,4
11/24/2016,38,20,0.09,0,0
11/25/2016,42,34,0.13,0,0
11/26/2016,41,32,0.2,0,0
11/27/2016,36,32,0.21,0,0
11/28/2016,38,24,0.05, T,0
11/29/2016,46,25,0.09,0,0
11/30/2016,56,34,0.02,0,0
12/1/2016,54,37,0.69,0,0
12/2/2016,37,33,0.24,1, T
12/3/2016,35,32,0.38, T, T
12/4/2016,36,31,0.18,1, T
12/5/2016,35,31,0.23,0.5, T
12/6/2016,36,28,0.02,0,0
12/7/2016,37,31,0.42,0.5,0
12/8/2016,36,28,0,0,0
12/9/2016,29,21,1.5,11.5,12
12/10/2016,24,21,1.2,11.2,18
12/11/2016,22,16,0.9,12,23
12/12/2016,31,17,1.3,10,20
12/13/2016,34,23, T, T,15
12/14/2016,28,15,0.02,1,14
12/15/2016,21,7,0.4,7,19
12/16/2016,12,6,0.02,3,20
12/17/2016,17,6,0.05,4.2,18
12/18/2016,46,17,0.5,0,12
12/19/2016,31,9,0.25,3,13
12/20/2016,19,-2,0,0,13
12/21/2016,30,2,0,0,12
12/22/2016,34,24,0.3,1.5,13
12/23/2016,32,28,0.02,0.5,12
12/24/2016,42,27,0.25,0,10
12/25/2016,40,31,0.03,0,8
12/26/2016,37,29, T,0,7
12/27/2016,55,36,0.47,0, T
12/28/2016,37,24, T, T, T
12/29/2016,31,23,0.4,1,1
12/30/2016,32,24,0.45,6,7
12/31/2016,26,21,0.15,5,9
1/1/2017,35,23,0.16,4,7
1/2/2017,37,15,0,0,6
1/3/2017,38,32,0,0,3
1/4/2017,40,34,0.38, T, T
1/5/2017,34,14,0.25,8,8
1/6/2017,17,8,0.15,1.7,7
1/7/2017,14,-7,0.01,0.2,5
1/8/2017,14,-1,0.4,8,10
1/9/2017,10,4,0.02,0.5,9
1/10/2017,27,7, T, T,7
1/11/2017,45,24,0.6, T,4
1/12/2017,53,34,1,0, T
1/13/2017,54,24,1.2,0, T
1/14/2017,25,15,0,0, T
1/15/2017,29,15,0,0, T
1/16/2017,28,11,0,0, T
1/17/2017,40,11,0.11,0,0
1/18/2017,48,34,0.51,0,0
1/19/2017,36,34,0.05,0,0
1/20/2017,35,32, T,0,0
1/21/2017,47,32,0.22,0,0
1/22/2017,58,35,0,0,0
1/23/2017,53,37,0,0,0
1/24/2017,44,29,0.16,0.7,1
1/25/2017,34,29, T, T,1
1/26/2017,44,34,0,0,0
1/27/2017,35,26,0.03,6,6
1/28/2017,29,22,0.25,4,7
1/29/2017,25,22,0.76,5,10
1/30/2017,25,11, T,1,8
1/31/2017,21,9, T, T,7
2/1/2017,30,17,0.02,5,8
2/2/2017,33,17,0.01,1.2,8
2/3/2017,25,14,0.01,3,9
2/4/2017,17,12,0.01,1,9
2/5/2017,26,13,0,0,7
2/6/2017,31,22,0.15,2,7
2/7/2017,40,23,0.06,0,5
2/8/2017,54,31,0.61,0,0
2/9/2017,34,14,0.05,1,1
2/10/2017,16,13,0.04,2,2
2/11/2017,34,14,0.03,1,2
2/12/2017,40,31,0.21,0,0
2/13/2017,37,22,0.44,1,1
2/14/2017,24,7,0.02,1,2
2/15/2017,42,10,0.06,1.8,3
2/16/2017,30,17,0.16,8,9
2/17/2017,20,16,0.02,1,8
2/18/2017,44,16,0,0,3
2/19/2017,61,30,0,0, T
2/20/2017,55,25,0,0, T
2/21/2017,48,25,0,0,0
2/22/2017,54,37,0.03,0,0
2/23/2017,57,36,0.04,0,0
2/24/2017,64,36,0.19,0,0
2/25/2017,71,44,0.6,0,0
2/26/2017,44,21,0.25,1,1
2/27/2017,32,20,0,0, T
2/28/2017,46,29,0,0,0
3/1/2017,60,30,0.03,0,0
3/2/2017,59,20,0.3,2,2
3/3/2017,24,9, T, T, T
3/4/2017,21,12,0.06,4,4
3/5/2017,20,-10,0.02,1,2
3/6/2017,36,14,0,0,2
3/7/2017,52,30,0.68,0,0
3/8/2017,54,34,0.47,0,0
3/9/2017,49,31,0,0,0
3/10/2017,36,24, T, T,0
3/11/2017,24,10,0.02,1.2,1
3/12/2017,15,10,0.25,4,5
3/13/2017,19,1,0,0,3
3/14/2017,26,5,0.12,2,5
3/15/2017,17,10,0.18,10,11
3/16/2017,21,10,0.26,6,8
3/17/2017,28,4,0,0,6
3/18/2017,42,4, T, T,4
3/19/2017,38,30,0.16, T,3
3/20/2017,33,29,0,0,2
3/21/2017,39,29,0,0,1
3/22/2017,49,18,0,0, T
3/23/2017,23,10,0,0, T
3/24/2017,42,8, T,0,0
3/25/2017,66,36,0.16,0,0
3/26/2017,54,37,0.12,0,0
3/27/2017,52,42,0.06,0,0
3/28/2017,57,40,0.09,0,0
3/29/2017,50,32,0.04,0,0
3/30/2017,50,32,0,0,0
3/31/2017,41,33,0.96,0,0
4/1/2017,43,33,0.58,0,0
4/2/2017,42,26,0.03,0,0
4/3/2017,55,28,0,0,0
4/4/2017,69,36,0.63,0,0
4/5/2017,58,37,0.27,0,0
4/6/2017,60,37,0.04,0,0
4/7/2017,51,29,0.68,2,2
4/8/2017,32,24,0.15,1.8,2
4/9/2017,48,24,0,0,0
4/10/2017,69,26,0,0,0
4/11/2017,76,55,0,0,0
4/12/2017,66,42,0.3,0,0
4/13/2017,47,29,0,0,0
4/14/2017,50,29, T,0,0
4/15/2017,65,36,0,0,0
4/16/2017,71,40,0.13,0,0
4/17/2017,75,43,0.32,0,0
4/18/2017,57,30,0,0,0
4/19/2017,62,31,0,0,0
4/20/2017,60,51,0.18,0,0
4/21/2017,70,52,0.57,0,0
4/22/2017,56,37,0,0,0
4/23/2017,47,27,0,0,0
4/24/2017,66,30,0,0,0
4/25/2017,73,33,0.02,0,0
4/26/2017,68,49,0.07,0,0
4/27/2017,79,53,0,0,0
4/28/2017,81,43,0.76,0,0
4/29/2017,69,46,0.05,0,0
4/30/2017,56,42,0.02,0,0
5/1/2017,80,48,0.16,0,0
5/2/2017,74,47,0.98,0,0
5/3/2017,49,38,0.44,0,0
5/4/2017,51,32,0.03,0,0
5/5/2017,49,42,0.37,0,0
5/6/2017,60,41,0.71,0,0
5/7/2017,42,35,0.44,0,0
5/8/2017,47,30,0.07,0,0
5/9/2017,48,28,0,0,0
5/10/2017,54,29,0,0,0
5/11/2017,60,40, T,0,0
5/12/2017,55,42,0.05,0,0
5/13/2017,54,45,0.02,0,0
5/14/2017,59,41,0.08,0,0
5/15/2017,60,40,0,0,0
5/16/2017,61,36,0,0,0
5/17/2017,75,36,0.03,0,0
5/18/2017,84,67,0,0,0
5/19/2017,85,57,0,0,0
5/20/2017,63,49,0.02,0,0
5/21/2017,72,49,0,0,0
5/22/2017,70,53,0.38,0,0
5/23/2017,60,38,0.03,0,0
5/24/2017,72,41,0,0,0
5/25/2017,70,50,0.32,0,0
5/26/2017,62,52,0.97,0,0
5/27/2017,58,50,0.08,0,0
5/28/2017,67,44,0,0,0
5/29/2017,75,49,0.22,0,0
5/30/2017,74,51,0.22,0,0
5/31/2017,73,44, T,0,0
6/1/2017,70,42,0.07,0,0
6/2/2017,64,37,0,0,0
6/3/2017,64,43,0.03,0,0
6/4/2017,67,42,0.02,0,0
6/5/2017,72,45,0.18,0,0
6/6/2017,72,52,0.05,0,0
6/7/2017,59,48,0.28,0,0
6/8/2017,66,38,0.02,0,0
6/9/2017,72,38,0,0,0
6/10/2017,74,49,0.15,0,0
6/11/2017,81,58,0,0,0
6/12/2017,84,59,0,0,0
6/13/2017,85,59,0,0,0
6/14/2017,87,58,0.32,0,0
6/15/2017,81,59,0,0,0
6/16/2017,84,59,0.32,0,0
6/17/2017,84,59,0,0,0
6/18/2017,84,63,0,0,0
6/19/2017,83,62,0.95,0,0
6/20/2017,73,57,0.32,0,0
6/21/2017,71,53,0.17,0,0
6/22/2017,71,44,0,0,0
6/23/2017,78,48,0.09,0,0
6/24/2017,72,60,0.79,0,0
6/25/2017,74,49,0.03,0,0
6/26/2017,66,50,0.21,0,0
6/27/2017,66,45,0.2,0,0
6/28/2017,62,44,0.08,0,0
6/29/2017,72,47,0,0,0
6/30/2017,80,60,0.22,0,0
7/1/2017,81,64,0.53,0,0
7/2/2017,78,54,0.57,0,0
7/3/2017,78,58, T,0,0
7/4/2017,74,48,0,0,0
7/5/2017,78,53,0,0,0
7/6/2017,84,57,0.7, T,0
7/7/2017,82,61, S,0,0
7/8/2017,77,61,A,0,0
7/9/2017,72,47,0.02,0,0
7/10/2017,76,51,0,0,0
7/11/2017,74,55,0.27,0,0
7/12/2017,79,64,0.25,0,0
7/13/2017,79,68,0.29,0,0
7/14/2017,78,69,0.38,0,0
7/15/2017,81,59,0.04,0,0
7/16/2017,68,54,0,0,0
7/17/2017,78,57,0.07,0,0
7/18/2017,78,50,0,0,0
7/19/2017,80,50,0,0,0
7/20/2017,84,54,0,0,0
7/21/2017,84,61,0.02,0,0
7/22/2017,84,60,0,0,0
7/23/2017,77,61, T,0,0
7/24/2017,80,61,0.05,0,0
7/25/2017,75,58,0.21,0,0
7/26/2017,64,46,0.05,0,0
7/27/2017,77,47,0,0,0
7/28/2017,77,58,0.03,0,0
7/29/2017,75,51,0,0,0
7/30/2017,74,51,0,0,0
7/31/2017,79,50,0,0,0
8/1/2017,81,53,0,0,0
8/2/2017,81,55, T,0,0
8/3/2017,82,55,0.04,0,0
8/4/2017,81,55,0.06,0,0
8/5/2017,80,55,1.63,0,0
8/6/2017,66,47,0.07,0,0
8/7/2017,72,49,0,0,0
8/8/2017,75,51,0.19,0,0
8/9/2017,70,47,0.04,0,0
8/10/2017,79,47,0.02,0,0
8/11/2017,79,47,0,0,0
8/12/2017,72,57,0.02,0,0
8/13/2017,74,59,0.25,0,0
8/14/2017,74,52,0,0,0
8/15/2017,78,52,0,0,0
8/16/2017,79,55,0.06,0,0
8/17/2017,77,51,0,0,0
8/18/2017,83,51,1.32,0,0
8/19/2017,82,63,0,0,0
8/20/2017,73,52,0.08,0,0
8/21/2017,79,55,0.14,0,0
8/22/2017,83,59,0.29,0,0
8/23/2017,82,52,0.91,0,0
8/24/2017,71,49,0.02,0,0
8/25/2017,67,48, T,0,0
8/26/2017,67,40,0,0,0
8/27/2017,68,44,0,0,0
8/28/2017,73,50,0,0,0
8/29/2017,71,52,0,0,0
8/30/2017,71,47,0,0,0
8/31/2017,73,47, T,0,0
9/1/2017,63,37,0.27,0,0
9/2/2017,63,38,0,0,0
9/3/2017,65,44,0.23,0,0
9/4/2017,61,48,0.26,0,0
9/5/2017,76,48,1.02,0,0
9/6/2017,68,48,0.21,0,0
9/7/2017,66,45, T,0,0
9/8/2017,60,46,0.79, T,0
9/9/2017,58,44,0.12,0,0
9/10/2017,58,36,0,0,0
9/11/2017,63,37,0,0,0
9/12/2017,72,38,0,0,0
9/13/2017,76,42,0,0,0
9/14/2017,78,51,1.44,0,0
9/15/2017,68,52,0.19,0,0
9/16/2017,75,52,0,0,0
9/17/2017,79,51,0,0,0
9/18/2017,79,54,0,0,0
9/19/2017,80,56,0.03,0,0
9/20/2017,80,50,0,0,0
9/21/2017,79,50,0,0,0
9/22/2017,82,50,0,0,0
9/23/2017,79,48,0,0,0
9/24/2017,82,48,0,0,0
9/25/2017,87,54,0,0,0
9/26/2017,86,55,0,0,0
9/27/2017,86,55,0,0,0
9/28/2017,85,52,0,0,0
9/29/2017,57,39,0,0,0
9/30/2017,60,39,0.24,0,0
10/1/2017,53,32,0.04,0,0
10/2/2017,64,30,0,0,0
10/3/2017,71,30,0,0,0
10/4/2017,75,37,0,0,0
10/5/2017,77,47,0.76,0,0
10/6/2017,71,47,0.09,0,0
10/7/2017,67,53,0.05,0,0
10/8/2017,78,61,0.23,0,0
10/9/2017,67,57,0.48,0,0
10/10/2017,71,58,0.66,0,0
10/11/2017,73,54,0,0,0
10/12/2017,56,51,1.07,0,0
10/13/2017,60,52,0.03,0,0
10/14/2017,60,52,0,0,0
10/15/2017,72,54,0,0,0
10/16/2017,74,42,0.65,0,0
10/17/2017,46,28,0.04,0,0
10/18/2017,60,28,0,0,0
10/19/2017,68,38,0,0,0
10/20/2017,69,36,0,0,0
10/21/2017,69,33,0,0,0
10/22/2017,72,34,0,0,0
10/23/2017,76,41,0,0,0
10/24/2017,66,54,0.41,0,0
10/25/2017,57,43,0.04,0,0
10/26/2017,44,37,0.02,0,0
10/27/2017,49,29,0.08,0,0
10/28/2017,67,31,0,0,0
10/29/2017,54,37,1.08,0,0
10/30/2017,40,37,0.42,0,0
10/31/2017,43,35,0.1,0,0
11/1/2017,41,27,0.02, T,0
11/2/2017,52,33,1.17,0,0
11/3/2017,62,52,0.71,0,0
11/4/2017,55,28,0.06,0,0
11/5/2017,53,29,0.4,0,0
11/6/2017,58,47,1.3,0,0
11/7/2017,47,33,0.06,0,0
11/8/2017,36,22,0,0,0
11/9/2017,44,20,0,0,0
11/10/2017,47,18,0.1,1.5,2
11/11/2017,19,7,0.1,1,1
11/12/2017,32,7,0,0, T
11/13/2017,40,22,0.16,0,0
11/14/2017,37,32,0.07,0,0
11/15/2017,36,24,0.02,0,0
11/16/2017,44,26,0.16,0,0
11/17/2017,41,28,0.38,0,0
11/18/2017,44,27,0.1,0,0
11/19/2017,52,33,1.11, T, T
11/20/2017,34,25,0.1,3,3
11/21/2017,39,26, T, T,1
11/22/2017,51,30,0.24,0.3,1
11/23/2017,30,22, T, T, T
11/24/2017,32,23,0,0, T
11/25/2017,48,23, T,0,0
11/26/2017,47,29,0.16,0,0
11/27/2017,36,29,0,0,0
11/28/2017,41,26,0,0,0
11/29/2017,61,32,0,0,0
11/30/2017,42,22,0,0,0
12/1/2017,50,29,0.21,0,0
12/2/2017,44,24,0,0,0
12/3/2017,40,24,0,0,0
12/4/2017,48,21,0,0,0
12/5/2017,50,22,0.14,0,0
12/6/2017,50,24,0.42,0,0
12/7/2017,34,24,0,0,0
12/8/2017,32,19, T,0.2, T
12/9/2017,27,15,0,0,0
12/10/2017,33,16,0.04,1,1
12/11/2017,26,23,0.4,1,1
12/12/2017,29,23,0.2,2.5,3
12/13/2017,28,10,0.6,8,9
12/14/2017,16,11,0.12,4,9
12/15/2017,16,2,0.05,1.5,8
12/16/2017,23,2,0.45,11,16
12/17/2017,26,21,0.16,4,15
12/18/2017,35,21,0.04,0,12
12/19/2017,39,34,0.18,0,5
12/20/2017,43,30, T,0,2
12/21/2017,30,23,0,0,1
12/22/2017,31,22,0.02,0,2
12/23/2017,40,30,0.54,0,2
12/24/2017,36,25,0.34,2.5,3
12/25/2017,31,20,0.27,3.5,4
12/26/2017,20,8,0.74,6,9
12/27/2017,12,3,0.07,1,9
12/28/2017,11,-11,0.06,1,9
12/29/2017,9,-12, T, T,9
12/30/2017,12,0,0.2,1.8,10
12/31/2017,14,-12,0.19,2.5,11
1/1/2018,6,-12, T,0.1,10
1/2/2018,10,-7,0.26,3,12
1/3/2018,11,1, T, T,11
1/4/2018,21,2,0.06,1,11
1/5/2018,13,-3,0.11,1.5,11
1/6/2018,2,-3,0.3,3.2,13
1/7/2018,1,-12,0.03,0.4,12
1/8/2018,30,-11,0.03,0.5,12
1/9/2018,32,28,0.13,1,12
1/10/2018,29,10,0,0,11
1/11/2018,48,13, T,0,7
1/12/2018,56,46,0.79,0,0
1/13/2018,57,7,0.35,6,6
1/14/2018,16,-15,0,0,3
1/15/2018,13,-12,0,0,3
1/16/2018,18,5,0.25,3,5
1/17/2018,24,-1,0.08,1.5,5
1/18/2018,14,5,0,0,5
1/19/2018,21,7, T, T,5
1/20/2018,36,18,0,0,4
1/21/2018,41,29,0,0,3
1/22/2018,40,32,0.07,0,2
1/23/2018,53,34,0.56,0,0
1/24/2018,48,20,0.43,0.3, T
1/25/2018,21,11, T, T,1
1/26/2018,24,13, T, T,1
1/27/2018,46,15,0,0, T
1/28/2018,44,25,0.36,0,0
1/29/2018,44,21,0,0,0
1/30/2018,38,13,0.21,3,3
1/31/2018,13,1, T, T,3
2/1/2018,37,10, T, T,1
2/2/2018,41,8,0.04,1,1
2/3/2018,11,8,0.14,1.5,1
2/4/2018,34,10, T,0.2, T
2/5/2018,34,10,0.18,1.5,2
2/6/2018,16,8,0.14,2,3
2/7/2018,21,12,0.04,1,3
2/8/2018,23,3,0.16,4,5
2/9/2018,19,-3,0.06,1.6,6
2/10/2018,36,7,0.07,1,6
2/11/2018,40,28,0.07,0,4
2/12/2018,50,20,0.21,0,1
2/13/2018,27,4,0,0,1
2/14/2018,37,4,0,0,0
2/15/2018,46,35, T,0,0
2/16/2018,55,41,0.52,0,0
2/17/2018,41,13, T, T,0
2/18/2018,28,14,0.13,1.6,2
2/19/2018,36,25,0,0,1
2/20/2018,60,35,0.86,0,0
2/21/2018,68,58,0,0,0
2/22/2018,65,31,0.1,0,0
2/23/2018,38,28,0.51,1,1
2/24/2018,53,34,0.09,0,0
2/25/2018,48,35,0.45,0,0
2/26/2018,54,31,0.14,0,0
2/27/2018,43,21,0,0,0
2/28/2018,52,21,0,0,0
3/1/2018,55,26,0.09,0,0
3/2/2018,41,25,1.2,16,16
3/3/2018,29,22,0,0,11
3/4/2018,28,10,0,0,9
3/5/2018,28,2,0,0,8
3/6/2018,31,3,0,0,7
3/7/2018,35,19,0,0,7
3/8/2018,35,19,0.07,1.5,7
3/9/2018,25,20,0.02,4,10
3/10/2018,28,20,0.14,8,11
3/11/2018,28,8, T, T,10
3/12/2018,29,3,0,0,7
3/13/2018,34,4,0.03,1,7
3/14/2018,28,20,0.07,5,9
3/15/2018,25,17,0.12,5.5,9
3/16/2018,32,18,0.06,4,11
3/17/2018,21,10,0.2,1,10
3/18/2018,36,7,0,0, M
3/19/2018,44,6,0,0,5
3/20/2018,36,20,0,0,4
3/21/2018,38,19,0,0,4
3/22/2018,35,14,0,0,3
3/23/2018,33,15,0,0,3
3/24/2018,33,11,0,0,2
3/25/2018,32,10,0,0,2
3/26/2018,39,10,0,0,1
3/27/2018,48,23,0,0, T
3/28/2018,48,23,0.24,0, T
3/29/2018,48,35,0.02,0, T
3/30/2018,56,34,0.73, T, T
3/31/2018,37,23,0.11,0,0
4/1/2018,48,24,0.17, T, T
4/2/2018,33,21, T, T,0
4/3/2018,43,21, T,0,0
4/4/2018,58,34,0.81,0,0
4/5/2018,42,21,0.03,1,1
4/6/2018,29,18, T, T,1
4/7/2018,39,19,0.03,1,1
4/8/2018,29,18, T, T,1
4/9/2018,27,17, T, T, T
4/10/2018,35,18,0.02,1,1
4/11/2018,36,25, T, T, T
4/12/2018,41,27, T,0,0
4/13/2018,67,32,0.23,0,0
4/14/2018,74,43, T,0,0
4/15/2018,43,28,0.02,0,0
4/16/2018,48,31,0.8,0,0
4/17/2018,41,26,0.06,2.3,2
4/18/2018,30,26,0.04,2,4
4/19/2018,34,28, T, T,2
4/20/2018,40,23,0,0,0
4/21/2018,40,23,0,0,0
4/22/2018,50,24,0,0,0
4/23/2018,59,25,0,0,0
4/24/2018,70,31,0,0,0
4/25/2018,59,47,0.29,0,0
4/26/2018,53,34,0.12,0,0
4/27/2018,54,31,0.02,0,0
4/28/2018,63,31,0.19,0,0
4/29/2018,46,29,0.36, T,0
4/30/2018,46,27,0.02, T,0
5/1/2018,58,28,0,0,0
5/2/2018,78,32,0,0,0
5/3/2018,82,58,0.11,0,0
5/4/2018,74,61,0.52,0,0
5/5/2018,79,37,0.32,0,0
5/6/2018,71,41,0,0,0
5/7/2018,67,49, T,0,0
5/8/2018,65,40,0,0,0
5/9/2018,73,41,0,0,0
5/10/2018,78,44,0.12,0,0
5/11/2018,66,37,0.15,0,0
5/12/2018,51,36,0.46,0,0
5/13/2018,52,43,0.59,0,0
5/14/2018,58,48,0.04,0,0
5/15/2018,73,56,0.06,0,0
5/16/2018,69,45,0.9,0,0
5/17/2018,74,46,0,0,0
5/18/2018,80,51,0,0,0
5/19/2018,76,53,0.13,0,0
5/20/2018,74,54,0.69,0,0
5/21/2018,62,47,0.02,0,0
5/22/2018,76,50,0.21,0,0
5/23/2018,72,55,0.18,0,0
5/24/2018,73,44,0.02,0,0
5/25/2018,78,43,0,0,0
5/26/2018,82,44,0,0,0
5/27/2018,79,52,0.26,0,0
5/28/2018,81,55,0,0,0
5/29/2018,84,57,0,0,0
5/30/2018,87,57,0,0,0
5/31/2018,84,66, T,0,0
6/1/2018,81,64,0.06,0,0
6/2/2018,81,59,0.57,0,0
6/3/2018,66,58, T,0,0
6/4/2018,67,57,0.12,0,0
6/5/2018,62,50,0.09,0,0
6/6/2018,63,47, T,0,0
6/7/2018,56,40, T,0,0
6/8/2018,73,42,0,0,0
6/9/2018,76,46,0,0,0
6/10/2018,72,51,0.11,0,0
6/11/2018,60,53,0.08,0,0
6/12/2018,77,49,0,0,0
6/13/2018,79,50,0.46,0,0
6/14/2018,79,52,0.43,0,0
6/15/2018,72,42,0,0,0
6/16/2018,73,43,0,0,0
6/17/2018,78,44,0,0,0
6/18/2018,87,63,0,0,0
6/19/2018,86,64,0.55,0,0
6/20/2018,74,59,0,0,0
6/21/2018,66,51,0.09,0,0
6/22/2018,77,51,0,0,0
6/23/2018,71,54,0.25,0,0
6/24/2018,72,60,0.2,0,0
6/25/2018,73,58,0.2,0,0
6/26/2018,70,40,0,0,0
6/27/2018,79,42,0.05,0,0
6/28/2018,69,63,0.43,0,0
6/29/2018,76,57,0.13,0,0
6/30/2018,84,56,0,0,0
7/1/2018,88,61,0,0,0
7/2/2018,89,64,0,0,0
7/3/2018,86,64,0.72,0,0
7/4/2018,86,64,0.32,0,0
7/5/2018,86,67,0.06,0,0
7/6/2018,87,66,0.17,0,0
7/7/2018,70,46,0,0,0
7/8/2018,74,47,0,0,0
7/9/2018,81,49,0,0,0
7/10/2018,83,49,0,0,0
7/11/2018,82,54,0,0,0
7/12/2018,76,46,0,0,0
7/13/2018,79,47,0,0,0
7/14/2018,84,46,0,0,0
7/15/2018,85,64,0.09,0,0
7/16/2018,84,61,0,0,0
7/17/2018,86,61,1.8,0,0
7/18/2018,77,52,0.02,0,0
7/19/2018,73,47,0,0,0
7/20/2018,79,48,0,0,0
7/21/2018,82,55,0,0,0
7/22/2018,75,57,1.58,0,0
7/23/2018,75,59,0.02,0,0
7/24/2018,78,66,0.03,0,0
7/25/2018,81,68,0.3,0,0
7/26/2018,78,59,0.28,0,0
7/27/2018,82,59,0.48,0,0
7/28/2018,76,54,0,0,0
7/29/2018,71,51, T,0,0
7/30/2018,75,53,0.06,0,0
7/31/2018,71,55,0.11,0,0
8/1/2018,75,61,0.01,0,0
8/2/2018,77,65,0.03,0,0
8/3/2018,78,62,0,0,0
8/4/2018,78,58,0.04,0,0
8/5/2018,84,55,0,0,0
8/6/2018,86,60,0,0,0
8/7/2018,87,60,1.02,0,0
8/8/2018,77,65,0.25,0,0
8/9/2018,79,65,0.54,0,0
8/10/2018,79,60,0.06,0,0
8/11/2018,79,61,0,0,0
8/12/2018,78,50,0,0,0
8/13/2018,79,50,0,0,0
8/14/2018,71,61,0.22,0,0
8/15/2018,76,56,0.07,0,0
8/16/2018,76,56, S,0,0
8/17/2018,83,57, M,0,0
8/18/2018,82,63,A,0,0
8/19/2018,75,54,0.08,0,0
8/20/2018,73,57,0,0,0
8/21/2018,75,58,0,0,0
8/22/2018,72,63,1.37,0,0
8/23/2018,69,46,0.95,0,0
8/24/2018,72,48,0.01,0,0
8/25/2018,77,47,0,0,0
8/26/2018,79,63,0.17,0,0
8/27/2018,80,63,0,0,0
8/28/2018,84,67,0.1,0,0
8/29/2018,87,69,0.02,0,0
8/30/2018,87,62,0.83,0,0
8/31/2018,70,56,0,0,0
9/1/2018,78,59,0,0,0
9/2/2018,82,69,0,0,0
9/3/2018,83,62,0.15,0,0
9/4/2018,83,65,0.61,0,0
9/5/2018,86,65,0.02,0,0
9/6/2018,89,65,0.05,0,0
9/7/2018,76,60, T,0,0
9/8/2018,76,55,0,0,0
9/9/2018,60,49,0,0,0
9/10/2018,54,49,1.61,0,0
9/11/2018,61,51,0.28,0,0
9/12/2018,66,59,0.03,0,0
9/13/2018,72,60,0,0,0
9/14/2018,80,63, T,0,0
9/15/2018,80,63,0,0,0
9/16/2018,82,58, T,0,0
9/17/2018,81,57,0,0,0
9/18/2018,73,61,0.48,0,0
9/19/2018,78,61, T,0,0
9/20/2018,72,55,0,0,0
9/21/2018,76,58,0,0,0
9/22/2018,85,51,0.48,0,0
9/23/2018,57,42,0,0,0
9/24/2018,66,42,0,0,0
9/25/2018,63,50,0.37,0,0
9/26/2018,70,56,0.41,0,0
9/27/2018,69,46,1.25,0,0
9/28/2018,61,46,0.03,0,0
9/29/2018,67,47, T,0,0
9/30/2018,59,39,0.12,0,0
10/1/2018,57,42,0.04,0,0
10/2/2018,66,50,0.03,0,0
10/3/2018,69,54,1.98,0,0
10/4/2018,70,54,0.03,0,0
10/5/2018,71,39,0.61,0,0
10/6/2018,63,43,0.03,0,0
10/7/2018,76,62,1.91,0,0
10/8/2018,70,62,0.05,0,0
10/9/2018,82,63,0,0,0
10/10/2018,81,65,0,0,0
10/11/2018,79,64,0.13,0,0
10/12/2018,69,43,0.19,0,0
10/13/2018,43,37,0.29,0,0
10/14/2018,44,37,0.07,0,0
10/15/2018,56,37,0.06,0,0
10/16/2018,57,32,0.23,0,0
10/17/2018,49,34,0.04,0,0
10/18/2018,45,31,0.37, T,0
10/19/2018,42,28,0.06,0,0
10/20/2018,55,36,0.1,0,0
10/21/2018,51,31,0.8, T, T
10/22/2018,36,30,0.05,0,0
10/23/2018,50,33,0,0,0
10/24/2018,48,31,0.27, T,0
10/25/2018,36,33,0.06,0,0
10/26/2018,40,29,0,0,0
10/27/2018,45,30,0.4,0,0
10/28/2018,41,34,0.53,0,0
10/29/2018,41,34,0.4,0,0
10/30/2018,48,28,0.2,0,0
10/31/2018,54,48,0.06,0,0
11/1/2018,61,44,0.52,0,0
11/2/2018,57,41,0.93,0,0
11/3/2018,56,36,0.21,0,0
11/4/2018,49,29,0.25, T,0
11/5/2018,45,30,0.03,0,0
11/6/2018,52,44,0.32,0,0
11/7/2018,61,43,0.14,0,0
11/8/2018,50,35,0,0,0
11/9/2018,37,33,0,0,0
11/10/2018,39,24,0.42,2,2
11/11/2018,27,23,0.04,1,2
11/12/2018,38,20,0,0,0
11/13/2018,38,24,0.04, T, T
11/14/2018,34,22,0.05,0.5,1
11/15/2018,26,19,0,0, T
11/16/2018,31,23,0.61,7,7
11/17/2018,33,29,0.05,0.5,6
11/18/2018,33,26, T, T,5
11/19/2018,32,27,0.02,1,6
11/20/2018,35,29, T,0.3,5
11/21/2018,32,25,0.04,2,6
11/22/2018,29,-1,0.02,2,6
11/23/2018,14,0,0,0,6
11/24/2018,33,14,0,0,5
11/25/2018,42,27,0.09,0,2
11/26/2018,41,30,0.07,0,0
11/27/2018,42,29,0.47,1,1
11/28/2018,29,25,0.35,14,15
11/29/2018,29,25,0.02,4,13
11/30/2018,26,24, T, T,11
12/1/2018,31,26,0.02,0,9
12/2/2018,43,30,0.26,0,2
12/3/2018,53,35,0.22,0,0
12/4/2018,37,24,0.06,0.5,1
12/5/2018,26,10, T, T,1
12/6/2018,27,10,0.02,0.5,1
12/7/2018,29,20,0.12,3,4
12/8/2018,22,15,0.04,2,5
12/9/2018,34,11,0,0,3
12/10/2018,28,19,0,0,3
12/11/2018,34,20,0,0,2
12/12/2018,27,20,0.02,0.3,2
12/13/2018,31,26,0.01,0.2,2
12/14/2018,37,28,0,0,1
12/15/2018,48,30,0,0, T
12/16/2018,40,31,0.04,0,0
12/17/2018,38,32,0.1,0,0
12/18/2018,33,24, T, T,0
12/19/2018,29,16,0,0,0
12/20/2018,41,17,0,0,0
12/21/2018,51,20,0.77,0,0
12/22/2018,52,27,0.23, T, T
12/23/2018,29,27, T,0.3, T
12/24/2018,31,26, T, T, T
12/25/2018,33,27,0.02,1,1
12/26/2018,28,25, T,0.2,1
12/27/2018,33,25,0.1, T,1
12/28/2018,46,28,0.12,0,0
12/29/2018,52,30,0.17,0.5,1
12/30/2018,31,26,0.02,0.5,1
12/31/2018,34,22,0,0,0
1/1/2019,58,22,0.83,0,0
1/2/2019,33,26,0,0,0
1/3/2019,35,26,0.08, T, T
1/4/2019,30,26,0,0, T
1/5/2019,44,22,0,0,0
1/6/2019,37,21,0,0,0
1/7/2019,38,19,0,0,0
1/8/2019,44,20,0.12,0,0
1/9/2019,47,29,1.35, T, T
1/10/2019,29,17,0.2,11,11
1/11/2019,19,10,0.03,6,9
1/12/2019,19,1,0,0,6
1/13/2019,22,12,0,0,5
1/14/2019,27,-3,0,0,4
1/15/2019,32,-3,0,0,4
1/16/2019,25,19, T, T,3
1/17/2019,28,-1, T,0.5,4
1/18/2019,29,0,0.02,1,5
1/19/2019,30,18,0.03,1,6
1/20/2019,21,6,0.81,13,13
1/21/2019,7,-6,0.08,5,13
1/22/2019,5,-12, T, T,12
1/23/2019,35,-12,0.24,0,10
1/24/2019,46,31,0.42,0.5,4
1/25/2019,31,18,0.05,3,3
1/26/2019,18,7,0.02,1,2
1/27/2019,26,9,0.02,1,3
1/28/2019,24,2,0.02,2,4
1/29/2019,30,-2, T, T,3
1/30/2019,29,-1, T, T,3
1/31/2019,2,-10, T, T,3
2/1/2019,5,-13,0,0,3
2/2/2019,15,-12,0,0,3
2/3/2019,39,12,0,0,3
2/4/2019,56,31,0,0,0
2/5/2019,58,34,0.11,0,0
2/6/2019,45,29,0.02,0,0
2/7/2019,47,32,0.52,0,0
2/8/2019,58,29,0.31,0,0
2/9/2019,29,8,0.02,1,1
2/10/2019,16,3,0,0,1
2/11/2019,27,3,0.02,1,1
2/12/2019,28,23,0.02,1,1
2/13/2019,35,23,0.4,1,1
2/14/2019,24,19,0.12,7,7
2/15/2019,44,20, M,0, M
2/16/2019,43,21, M, M, M
2/17/2019,24,9, M, M, M
2/18/2019,30,3, M, M, M
2/19/2019,26,2, M, M, M
2/20/2019,28,-6,0,0, M
2/21/2019,37,10, M,0, M
2/22/2019,39,21,0,0, M
2/23/2019,34,17,0,0, M
2/24/2019,40,20,0,0, M
2/25/2019,48,17,0.17,5,5
2/26/2019,18,13,0.06,3,6
2/27/2019,17,12,0.04,2,5
2/28/2019,27,10,0.06,4,8
3/1/2019,26,10,0,0,5
3/2/2019,37,9,0,0,4
3/3/2019,31,20, T, T,4
3/4/2019,27,14,0.04,2,6
3/5/2019,16,4,0.02,1,6
3/6/2019,13,4,0.04,4,7
3/7/2019,12,1,0.04,3,8
3/8/2019,21,-7,0,0,7
3/9/2019,37,-5,0,0,6
3/10/2019,44,4,0.2,0,1
3/11/2019,38,31,0.08,0, T
3/12/2019,35,23, T, T, T
3/13/2019,35,15,0,0,0
3/14/2019,51,18,0,0,0
3/15/2019,68,34,0.36,0,0
3/16/2019,45,23,0,0,0
3/17/2019,32,14,0.25,3,3
3/18/2019,47,13,0,0,1
3/19/2019,35,13,0,0,0
3/20/2019,39,17,0,0,0
3/21/2019,50,19,0,0,0
3/22/2019,47,21,0,0,0
3/23/2019,33,18,0,0,0
3/24/2019,34,18,0,0,0
3/25/2019,46,19,0,0,0
3/26/2019,41,15,0,0,0
3/27/2019,38,15,0,0,0
3/28/2019,52,17,0,0,0
3/29/2019,53,39,0.33,0,0
3/30/2019,50,38,0.34,0,0
3/31/2019,59,29,0.64,1,1
4/1/2019,29,20,0.03,1,1
4/2/2019,46,21,0,0,0
4/3/2019,46,20,0,0,0
4/4/2019,44,23,0,0,0
4/5/2019,42,23,0.06,0,0
4/6/2019,42,33,0.33,0,0
4/7/2019,60,31,0,0,0
4/8/2019,67,33,0.29,0,0
4/9/2019,61,37,0.02,0,0
4/10/2019,55,35,0.08,0,0
4/11/2019,35,30,0.02,0,0
4/12/2019,51,32,0.01,0,0
4/13/2019,71,40,0.4,0,0
4/14/2019,63,35,0,0,0
4/15/2019,65,36,1.3,0,0
4/16/2019,40,28,0.08, T, T
4/17/2019,44,31,0.44,0,0
4/18/2019,61,40,0,0,0
4/19/2019,73,50,0.04,0,0
4/20/2019,70,41,0.33,0,0
4/21/2019,60,41,0.33,0,0
4/22/2019,49,39,0.02,0,0
4/23/2019,64,40,0,0,0
4/24/2019,67,38,0.09,0,0
4/25/2019,63,38,0,0,0
4/26/2019,59,38,0,0,0
4/27/2019,63,29,0.51, T, T
4/28/2019,41,30,0.09, T, T
4/29/2019,45,23,0.03,0,0
4/30/2019,53,26,0.11,0,0
5/1/2019,50,39,0,0,0
5/2/2019,58,47,0.2,0,0
5/3/2019,69,54,0.23,0,0
5/4/2019,68,47,0.28,0,0
5/5/2019,54,48,0.06,0,0
5/6/2019,61,36,0,0,0
5/7/2019,71,38,0,0,0
5/8/2019,53,41,0.12,0,0
5/9/2019,68,43,0,0,0
5/10/2019,68,43,0.83,0,0
5/11/2019,64,32,0.11,0,0
5/12/2019,59,39,0.28,0,0
5/13/2019,46,41,0.32,0,0
5/14/2019,50,40,0.37,0,0
5/15/2019,45,31,0.08,0,0
5/16/2019,65,31,0.03,0,0
5/17/2019,66,39,0,0,0
5/18/2019,65,37,0.05,0,0
5/19/2019,70,43,0.02,0,0
5/20/2019,85,58,0.05,0,0
5/21/2019,69,39,0.04,0,0
5/22/2019,60,33,0,0,0
5/23/2019,65,34,0.08,0,0
5/24/2019,77,48,0.06,0,0
5/25/2019,65,47,0,0,0
5/26/2019,85,54,0.67,0,0
5/27/2019,76,44,0.01,0,0
5/28/2019,73,44,0.18,0,0
5/29/2019,76,53,0.1,0,0
5/30/2019,67,53,0.11,0,0
5/31/2019,67,54,0.04,0,0
6/1/2019,70,46,0,0,0
6/2/2019,76,54,1.18,0,0
6/3/2019,61,38,0,0,0
6/4/2019,55,33,0,0,0
6/5/2019,71,35,0,0,0
6/6/2019,71,60,1.7,0,0
6/7/2019,68,46,0.05,0,0
6/8/2019,75,44,0,0,0
6/9/2019,78,51,0,0,0
6/10/2019,78,57,0.11,0,0
6/11/2019,74,50,0.77,0,0
6/12/2019,66,38,0,0,0
6/13/2019,72,38, T,0,0
6/14/2019,61,48,0.54,0,0
6/15/2019,67,49,0,0,0
6/16/2019,66,59,0.58,0,0
6/17/2019,65,54,0.15,0,0
6/18/2019,71,56,0.21,0,0
6/19/2019,75,53,0,0,0
6/20/2019,78,53,0.58,0,0
6/21/2019,69,57,1.7,0,0
6/22/2019,69,46, T,0,0
6/23/2019,70,43,0,0,0
6/24/2019,77,48,0,0,0
6/25/2019,83,52,0.57,0,0
6/26/2019,76,52,0,0,0
6/27/2019,82,52,0,0,0
6/28/2019,82,52,0,0,0
6/29/2019,85,56,1.17,0,0
6/30/2019,80,57,0.32,0,0
7/1/2019,70,46,0,0,0
7/2/2019,79,49,0.02,0,0
7/3/2019,81,60,0.33,0,0
7/4/2019,80,63,0,0,0
7/5/2019,88,66,2.11,0,0
7/6/2019,80,63,0.05,0,0
7/7/2019,79,63,2.22,0,0
7/8/2019,76,51,0.03,0,0
7/9/2019,78,51,0,0,0
7/10/2019,81,51,0,0,0
7/11/2019,89,60,0.03,0,0
7/12/2019,78,58,0.03,0,0
7/13/2019,74,56,0,0,0
7/14/2019,77,57,0,0,0
7/15/2019,82,50,0,0,0
7/16/2019,81,52,0.04,0,0
7/17/2019,84,59,0.84,0,0
7/18/2019,82,68,0.94,0,0
7/19/2019,82,66, T,0,0
7/20/2019,88,69,0.34,0,0
7/21/2019,87,70,0,0,0
7/22/2019,82,62,0.06,0,0
7/23/2019,69,59,0.24,0,0
7/24/2019,73,47,0,0,0
7/25/2019,75,49,0,0,0
7/26/2019,77,49,0,0,0
7/27/2019,82,51,0,0,0
7/28/2019,82,62,0.04,0,0
7/29/2019,80,60,1.41,0,0
7/30/2019,84,62,0,0,0
7/31/2019,77,60,0.15,0,0
8/1/2019,76,60,0,0,0
8/2/2019,78,52,0,0,0
8/3/2019,82,57,0,0,0
8/4/2019,79,53,0,0,0
8/5/2019,77,50,0,0,0
8/6/2019,81,50,0.16,0,0
8/7/2019,82,57,1.42,0,0
8/8/2019,74,55,0.26,0,0
8/9/2019,73,54, S,0,0
8/10/2019,75,53,A,0,0
8/11/2019,70,45,0,0,0
8/12/2019,76,52,0,0,0
8/13/2019,81,55,0,0,0
8/14/2019,77,62,0,0,0
8/15/2019,79,59,0,0,0
8/16/2019,78,58,0,0,0
8/17/2019,81,55,0.23,0,0
8/18/2019,76,59,0.02,0,0
8/19/2019,84,63,0.07,0,0
8/20/2019,79,53,0,0,0
8/21/2019,85,53,0.08,0,0
8/22/2019,82,63,0.14,0,0
8/23/2019,68,47,0.02,0,0
8/24/2019,69,47,0,0,0
8/25/2019,65,43,0,0,0
8/26/2019,71,44,0,0,0
8/27/2019,72,45, T,0,0
8/28/2019,70,60,0.37,0,0
8/29/2019,75,50,0,0,0
8/30/2019,73,50,0,0,0
8/31/2019,74,44,0,0,0
9/1/2019,70,46,0.03,0,0
9/2/2019,73,56,0.48,0,0
9/3/2019,70,57,0.19,0,0
9/4/2019,76,59,0.2,0,0
9/5/2019,72,48,0,0,0
9/6/2019,71,48,0,0,0
9/7/2019,71,45,0,0,0
9/8/2019,67,54,0,0,0
9/9/2019,69,43,0,0,0
9/10/2019,60,43,0,0,0
9/11/2019,82,47,0,0,0
9/12/2019,84,64,0.26,0,0
9/13/2019,69,53,0.08,0,0
9/14/2019,68,57,0.48,0,0
9/15/2019,71,47,0.03,0,0
9/16/2019,71,48,0.05,0,0
9/17/2019,72,50,0,0,0
9/18/2019,73,40,0,0,0
9/19/2019,72,41,0,0,0
9/20/2019,72,41,0,0,0
9/21/2019,78,40,0,0,0
9/22/2019,81,45,0,0,0
9/23/2019,83,48,0,0,0
9/24/2019,75,55,0.2,0,0
9/25/2019,65,43,0.1,0,0
9/26/2019,74,44,0.02,0,0
9/27/2019,68,37,0.02,0,0
9/28/2019,73,38, T,0,0
9/29/2019,77,56,0.03,0,0
9/30/2019,67,55,0.21,0,0
10/1/2019,67,52,0,0,0
10/2/2019,84,60,0.05,0,0
10/3/2019,75,47,0.22,0,0
10/4/2019,68,47,0.21,0,0
10/5/2019,48,32,0.05,0,0
10/6/2019,60,37,0,0,0
10/7/2019,68,44,1.15,0,0
10/8/2019,58,43,0.06,0,0
10/9/2019,64,32,0,0,0
10/10/2019,65,32,0,0,0
10/11/2019,66,33,0,0,0
10/12/2019,70,33,0.09,0,0
10/13/2019,63,28,0.04,0,0
10/14/2019,58,30,0,0,0
10/15/2019,47,34,0.08,0,0
10/16/2019,62,32,0,0,0
10/17/2019,55,40,1.1,0,0
10/18/2019,47,34,1.05,0,0
10/19/2019,57,30,0,0,0
10/20/2019,58,34,0,0,0
10/21/2019,66,34,0,0,0
10/22/2019,69,33, T,0,0
10/23/2019,55,35,0.71,0,0
10/24/2019,52,35,0,0,0
10/25/2019,60,37,0.02,0,0
10/26/2019,55,37,0.04,0,0
10/27/2019,61,40,0.54,0,0
10/28/2019,54,40,0.34,0,0
10/29/2019,65,36,0,0,0
10/30/2019,57,41,0,0,0
10/31/2019,69,41,0.14,0,0
11/1/2019,66,32,1.31,1,1
11/2/2019,36,30,0.07, T,0
11/3/2019,44,31,0.05, T,0
11/4/2019,37,30, T, T,0
11/5/2019,52,37,0.33,0,0
11/6/2019,43,31,0.17,0,0
11/7/2019,44,31,0,0,0
11/8/2019,39,22,0.02,2,2
11/9/2019,28,16,0,0,1
11/10/2019,35,23,0,0,0
11/11/2019,42,32,0.2,0,0
11/12/2019,34,18,0.05,3,3
11/13/2019,20,13,0.07,5,7
11/14/2019,26,17, T,0.3,4
11/15/2019,35,24, T, T,2
11/16/2019,32,17, T, T,2
11/17/2019,39,16,0,0,2
11/18/2019,39,16,0,0,1
11/19/2019,37,24,0,0,1
11/20/2019,38,25,0,0,0
11/21/2019,38,25,0,0,0
11/22/2019,49,30,0.21,0,0
11/23/2019,38,25, T, T,0
11/24/2019,43,26,0,0,0
11/25/2019,49,32,0,0,0
11/26/2019,49,32,0,0,0
11/27/2019, M, M, M, M, M
11/28/2019,55,32,0.68,0,0
11/29/2019,55,24,0,0,0
11/30/2019, M, M, M, M, M
