FIPS,State,County,UnempRate2018,UnempRate2017,UnempRate2016,UnempRate2015,UnempRate2014,UnempRate2010,UnempRate2007,PctEmpChange1018,PctEmpChange1718,PctEmpChange0718,PctEmpChange0710,PctEmpAgriculture,PctEmpMining,PctEmpConstruction,PctEmpManufacturing,PctEmpTrade,PctEmpTrans,PctEmpInformation,PctEmpFIRE,PctEmpServices,PctEmpGovt,NumCivEmployed,NumUnemployed2010,NumUnemployed2011,NumCivLaborForce2011,UnempRate2011,NumEmployed2011,NumEmployed2010,NumCivLaborForce2010,NumUnemployed2009,NumEmployed2009,NumCivLaborForce2009,UnempRate2008,NumCivLaborForce2012,NumEmployed2008,NumCivLaborForce2008,UnempRate2009,NumUnemployed2008,NumUnemployed2014,NumUnemployed2018,NumEmployed2018,NumCivLaborforce2018,NumUnemployed2017,NumEmployed2017,NumCivLaborforce2017,NumUnemployed2016,NumEmployed2016,NumCivLaborforce2016,NumCivLaborforce2015,NumEmployed2007,NumUnemployed2015,UnempRate2012,NumEmployed2014,NumCivLaborforce2014,UnempRate2013,NumUnemployed2013,NumEmployed2013,NumCivLaborforce2013,NumUnemployed2007,NumCivLaborforce2007,NumUnemployed2012,NumEmployed2012,NumEmployed2015
36000,NY,New York,4.1,4.7,4.9,5.0,6.3,8.6,4.6,4.69,0.74,1.02,-3.5,0.521534901,0.071295554,5.587057627999999,6.231981369,12.99183502,5.236431373,2.9312295760000002,8.050503869,53.83353027,4.544600439,9467631.0,825639.0,789304.0,9517361.0,8.3,8728057.0,8769723.0,9595362.0,802999.0,8844486.0,9647485.0,5.4,9612232.0,9139080.0,9664773.0,8.3,525693.0,603720.0,393648.0,9181058.0,9574706.0,447799.0,9113601.0,9561400.0,463523.0,9093571.0,9557094.0,9561878.0,9088207.0,504408.0,8.5,8925698.0,9529418.0,7.7,745382.0,8913788.0,9659170.0,433849.0,9522056.0,818847.0,8793385.0,9057470.0
36001,NY,Albany,3.7,4.2,4.1,4.0,4.9,7.0,3.9,1.81,1.15,0.28,-1.51,0.24282685699999998,0.066683023,4.455809916000001,5.20190487,12.42568932,3.555589107,2.239543033,7.495549222999999,52.03666308,12.27974157,158961.0,11247.0,10959.0,158289.0,6.9,147330.0,150264.0,161511.0,10754.0,148183.0,158937.0,4.9,160657.0,152756.0,160552.0,6.8,7796.0,7694.0,5844.0,152991.0,158835.0,6650.0,151246.0,157896.0,6416.0,151867.0,158283.0,158427.0,152567.0,6884.0,7.1,149537.0,157231.0,6.1,9746.0,151059.0,160805.0,6145.0,158712.0,11397.0,149260.0,151543.0
36003,NY,Allegany,5.6,6.6,6.3,6.0,6.2,9.2,5.5,-16.61,-0.01,-17.01,-0.48,3.074706934,0.640770912,6.442479634,15.57222333,9.959268826,4.301609378,1.331213988,2.40909994,51.84780449,4.420822571,20132.0,2218.0,2112.0,23657.0,8.9,21545.0,22022.0,24240.0,2082.0,21816.0,23898.0,6.4,23691.0,22578.0,24123.0,8.7,1545.0,1451.0,1096.0,18365.0,19461.0,1300.0,18367.0,19667.0,1265.0,18768.0,20033.0,20335.0,22129.0,1321.0,8.4,21866.0,23317.0,7.5,1785.0,22014.0,23799.0,1276.0,23405.0,1994.0,21697.0,19014.0
36005,NY,Bronx,5.7,6.3,7.1,7.0,9.8,12.0,6.8,11.53,0.23,19.7,7.33,0.059946991,0.013471233999999999,5.063836809,3.5287897110000004,13.20315631,7.151709668,1.741493758,6.427294067,59.09493515,3.7153663,593858.0,69810.0,69718.0,584353.0,11.9,514635.0,512477.0,582287.0,64242.0,469624.0,533866.0,7.6,594943.0,484145.0,523746.0,12.0,39601.0,59124.0,34319.0,571545.0,605864.0,38255.0,570215.0,608470.0,43362.0,565436.0,608798.0,605820.0,477487.0,47125.0,12.4,544535.0,603659.0,11.8,71033.0,532428.0,603461.0,34992.0,512479.0,73956.0,520987.0,558695.0
36007,NY,Broome,4.9,5.6,5.4,6.0,6.6,8.7,4.4,-9.9,0.95,-13.04,-3.49,0.567733074,0.204887541,5.11875465,10.38402106,15.65501059,4.252274938,1.650546558,4.498368912,53.59926744,4.069135237,87365.0,8528.0,8148.0,94727.0,8.6,86579.0,89316.0,97844.0,7947.0,89553.0,97500.0,5.6,94012.0,92690.0,98160.0,8.2,5470.0,5846.0,4115.0,80477.0,84592.0,4690.0,79717.0,84407.0,4654.0,81119.0,85773.0,86750.0,92549.0,5173.0,8.7,82128.0,87974.0,7.8,7155.0,84779.0,91934.0,4309.0,96858.0,8177.0,85835.0,81577.0
36009,NY,Cattaraugus,5.3,6.2,6.0,6.0,7.0,9.5,5.1,-10.26,0.27,-17.78,-8.38,2.137436262,0.35870983,7.746353611,13.87110162,13.53907269,4.271907981,0.723348749,3.945808135,47.46827938,5.9379817379999995,33732.0,3773.0,3597.0,38540.0,9.3,34943.0,35881.0,39654.0,3589.0,38079.0,41668.0,6.1,38308.0,39222.0,41766.0,8.6,2544.0,2566.0,1820.0,32200.0,34020.0,2118.0,32113.0,34231.0,2078.0,32737.0,34815.0,35202.0,39164.0,2213.0,9.3,34052.0,36618.0,8.5,3249.0,34851.0,38100.0,2105.0,41269.0,3575.0,34733.0,32989.0
36011,NY,Cayuga,4.5,5.0,5.1,5.0,6.0,8.5,4.4,-5.86,0.94,-12.64,-7.2,3.4089687060000005,0.31186149,6.352833638,14.36175933,13.61974406,4.874180019,1.166792128,3.2826110330000002,46.07484676,6.546402839,37196.0,3405.0,3169.0,39068.0,8.1,35899.0,36480.0,39885.0,3433.0,38157.0,41590.0,5.5,39113.0,39482.0,41802.0,8.3,2320.0,2254.0,1610.0,34344.0,35954.0,1796.0,34024.0,35820.0,1853.0,34804.0,36657.0,37056.0,39312.0,1977.0,8.3,35352.0,37606.0,7.4,2865.0,35989.0,38854.0,1825.0,41137.0,3229.0,35884.0,35079.0
36013,NY,Chautauqua,5.0,6.0,5.8,6.0,6.8,8.9,4.5,-10.36,0.36,-18.13,-8.67,2.4709302330000003,0.36514464,5.4771695970000005,17.72546795,13.01403857,4.204480998,1.331182643,2.7828984689999996,48.13528077,4.493406126,56416.0,5660.0,5045.0,61661.0,8.2,56616.0,58262.0,63922.0,5467.0,60467.0,65934.0,5.5,61278.0,63591.0,67323.0,8.3,3732.0,3937.0,2766.0,52227.0,54993.0,3311.0,52039.0,55350.0,3253.0,52807.0,56060.0,57578.0,63790.0,3468.0,8.5,53827.0,57764.0,8.0,4831.0,55387.0,60218.0,2991.0,66781.0,5223.0,56055.0,54110.0
36015,NY,Chemung,4.7,5.5,5.7,5.0,6.3,8.4,4.6,-11.5,0.21,-13.71,-2.49,0.487727297,0.771351323,5.044266554,14.3747018,14.13348884,3.9495308280000003,1.5480040290000001,4.694375232,49.45660817,5.539945926000001,37726.0,3489.0,3197.0,40803.0,7.8,37606.0,38105.0,41594.0,3652.0,37364.0,41016.0,5.6,40553.0,39147.0,41459.0,8.9,2312.0,2390.0,1649.0,33724.0,35373.0,1960.0,33653.0,35613.0,2069.0,34099.0,36168.0,37455.0,39080.0,2196.0,8.4,35772.0,38162.0,7.9,3130.0,36479.0,39609.0,1876.0,40956.0,3411.0,37142.0,35259.0
36017,NY,Chenango,4.7,5.3,5.1,5.0,6.2,9.2,4.9,-0.65,1.23,-7.89,-7.29,4.264943457,0.15231940900000002,6.540503116,16.86129702,11.68243711,3.623355643,2.7925225019999997,6.522040157,42.34479575,5.21578583,21665.0,2182.0,2070.0,23830.0,8.7,21760.0,21509.0,23691.0,2176.0,22231.0,24407.0,6.4,24127.0,23104.0,24672.0,8.9,1568.0,1441.0,1047.0,21369.0,22416.0,1189.0,21109.0,22298.0,1155.0,21653.0,22808.0,23079.0,23200.0,1259.0,8.6,21737.0,23178.0,7.3,1762.0,22335.0,24097.0,1205.0,24405.0,2083.0,22044.0,21820.0
36019,NY,Clinton,4.4,5.3,5.4,5.0,6.6,9.8,5.6,-2.73,1.89,-7.26,-4.65,2.1778282669999998,0.08589399,4.78789726,12.25790363,15.08409299,4.901498988999999,1.856418498,2.7624615560000003,46.52960572,9.556399102,36091.0,3892.0,3684.0,38413.0,9.6,34729.0,35809.0,39701.0,3703.0,36084.0,39787.0,6.5,37998.0,37370.0,39988.0,9.3,2618.0,2380.0,1597.0,34831.0,36428.0,1898.0,34186.0,36084.0,1916.0,33845.0,35761.0,35909.0,37556.0,2090.0,9.4,33595.0,35975.0,8.3,3091.0,34085.0,37176.0,2228.0,39784.0,3574.0,34424.0,33819.0
36021,NY,Columbia,3.3,3.8,3.7,4.0,4.7,7.3,3.9,1.99,1.67,-0.48,-2.43,4.117491049,0.3580427,8.135525792000001,5.632542103,11.62975733,3.5804269989999997,1.9990717409999998,4.518631481,51.77363745,8.254873359,30164.0,2348.0,2236.0,31452.0,7.1,29216.0,29789.0,32137.0,2311.0,29121.0,31432.0,4.8,31681.0,30342.0,31881.0,7.4,1539.0,1478.0,1043.0,30383.0,31426.0,1175.0,29885.0,31060.0,1158.0,30272.0,31430.0,31399.0,30530.0,1250.0,7.0,29840.0,31318.0,6.0,1911.0,29936.0,31847.0,1235.0,31765.0,2230.0,29451.0,30149.0
36023,NY,Cortland,5.1,5.8,5.7,5.0,6.5,8.9,5.2,-2.43,0.77,-3.31,-0.91,2.461754154,0.061853119000000005,5.69048699,11.7520927,12.63040699,3.1751267989999996,1.096861985,3.4720217719999997,55.44925982,4.210135665,24251.0,2171.0,2057.0,24341.0,8.5,22284.0,22304.0,24475.0,2216.0,22088.0,24304.0,6.4,24476.0,22623.0,24168.0,9.1,1545.0,1540.0,1165.0,21762.0,22927.0,1321.0,21596.0,22917.0,1308.0,21652.0,22960.0,23264.0,22508.0,1369.0,8.6,22116.0,23656.0,7.7,1882.0,22426.0,24308.0,1229.0,23737.0,2111.0,22365.0,21895.0
36025,NY,Delaware,4.8,5.5,5.5,6.0,6.6,8.8,4.3,-10.5,2.39,-17.23,-7.52,3.207992369,0.502033235,8.609869973,13.88623927,13.04784377,3.8104322510000004,1.676791004,3.514232642,46.63888749,5.105677996,19919.0,1966.0,1884.0,21717.0,8.7,19833.0,20465.0,22431.0,1902.0,20363.0,22265.0,6.0,21589.0,21549.0,22917.0,8.5,1368.0,1316.0,928.0,18316.0,19244.0,1045.0,17889.0,18934.0,1059.0,18142.0,19201.0,19491.0,22128.0,1168.0,8.7,18710.0,20026.0,7.9,1656.0,19394.0,21050.0,1001.0,23129.0,1887.0,19702.0,18323.0
36027,NY,Dutchess,3.7,4.3,4.2,4.0,5.3,7.7,3.9,0.69,1.2,-0.86,-1.54,0.943187934,0.114534892,6.78722729,6.982488581,13.56065519,4.966398498999999,2.33968565,6.157285385,53.10900134,5.039535237,144934.0,11517.0,10984.0,146309.0,7.5,135325.0,137679.0,149196.0,11098.0,133744.0,144842.0,5.1,146383.0,139178.0,146689.0,7.7,7511.0,7569.0,5305.0,138629.0,143934.0,6107.0,136986.0,143093.0,5941.0,136948.0,142889.0,143199.0,139838.0,6426.0,7.8,134639.0,142208.0,6.7,9707.0,135882.0,145589.0,5677.0,145515.0,11395.0,134988.0,136773.0
36029,NY,Erie,4.4,5.1,4.9,5.0,6.1,8.3,4.7,-0.72,0.77,-4.42,-3.73,0.32315474,0.120207319,4.502533497,10.37931096,14.13160806,4.470864778999999,1.59436386,8.396447751,51.57942158,4.502087459,448392.0,38713.0,36646.0,458769.0,8.0,422123.0,426962.0,465675.0,38142.0,432512.0,470654.0,5.7,461760.0,446521.0,473549.0,8.1,27028.0,27379.0,19574.0,423872.0,443446.0,22823.0,420652.0,443475.0,21887.0,422760.0,444647.0,448519.0,443492.0,23900.0,8.3,420978.0,448357.0,7.4,34122.0,426138.0,460260.0,21839.0,465331.0,38357.0,423403.0,424619.0
36031,NY,Essex,4.9,5.5,5.3,6.0,6.9,9.2,5.7,-4.56,0.26,-7.21,-2.77,2.359781122,0.797993616,8.213634291,8.749430005,12.79069767,3.2204742360000003,1.715686275,3.881668947,52.00068399,6.26994984,17544.0,1715.0,1655.0,18201.0,9.1,16546.0,17021.0,18736.0,1671.0,16672.0,18343.0,6.7,18176.0,17375.0,18617.0,9.1,1242.0,1209.0,834.0,16244.0,17078.0,936.0,16202.0,17138.0,920.0,16300.0,17220.0,17305.0,17506.0,1041.0,9.6,16336.0,17545.0,8.3,1498.0,16615.0,18113.0,1051.0,18557.0,1739.0,16437.0,16264.0
36033,NY,Franklin,5.2,6.0,5.7,6.0,7.3,9.0,5.5,-7.98,0.58,-12.84,-5.29,2.950901804,0.105210421,6.578156312999999,5.01002004,11.87875752,2.820641283,1.24248497,3.166332665,53.43186373,12.81563126,19960.0,1996.0,1981.0,21725.0,9.1,19744.0,20249.0,22245.0,1958.0,21074.0,23032.0,6.9,21796.0,21464.0,23056.0,8.5,1592.0,1489.0,1014.0,18633.0,19647.0,1191.0,18526.0,19717.0,1121.0,18649.0,19770.0,19965.0,21379.0,1299.0,9.6,19019.0,20508.0,8.8,1904.0,19640.0,21544.0,1255.0,22634.0,2084.0,19712.0,18666.0
36035,NY,Fulton,5.1,5.8,5.7,6.0,7.7,10.6,5.4,-6.97,-0.37,-16.09,-9.81,0.9158793679999999,0.012376748,6.353397417,12.34374355,17.14592186,5.652048352,1.534716779,2.904410248,46.81711292,6.320392755,24239.0,2768.0,2698.0,25552.0,10.6,22854.0,23337.0,26105.0,2617.0,24629.0,27246.0,6.7,25392.0,25807.0,27664.0,9.6,1857.0,1798.0,1166.0,21711.0,22877.0,1331.0,21792.0,23123.0,1326.0,21870.0,23196.0,23440.0,25875.0,1508.0,11.0,21632.0,23430.0,9.5,2343.0,22393.0,24736.0,1470.0,27345.0,2797.0,22595.0,21932.0
36037,NY,Genesee,4.2,4.8,4.6,4.0,5.5,8.0,4.5,-2.19,1.68,-9.0,-6.97,3.4370108210000003,0.401551759,6.261485061,15.3950861,14.48989315,3.304294562,1.252297012,4.13802491,45.78030355,5.540053087,29386.0,2541.0,2406.0,30922.0,7.8,28516.0,29189.0,31730.0,2525.0,30576.0,33101.0,5.6,30885.0,31658.0,33542.0,7.6,1884.0,1664.0,1245.0,28551.0,29796.0,1407.0,28079.0,29486.0,1361.0,28336.0,29697.0,30090.0,31375.0,1489.0,7.9,28353.0,30017.0,6.8,2087.0,28447.0,30534.0,1493.0,32868.0,2442.0,28443.0,28601.0
36039,NY,Greene,4.5,5.2,5.0,5.0,6.8,9.1,4.8,-1.48,1.99,-13.83,-12.54,1.259433255,0.40481783200000004,7.616572542,7.316707482000001,13.23904243,6.592033585,2.199010445,5.4475486029999995,46.34414513,9.58068869,20009.0,2004.0,2024.0,21576.0,9.4,19552.0,20097.0,22101.0,2003.0,22076.0,24079.0,5.9,21547.0,22938.0,24370.0,8.3,1432.0,1400.0,935.0,19800.0,20735.0,1064.0,19413.0,20477.0,1037.0,19503.0,20540.0,20714.0,22978.0,1167.0,9.9,19311.0,20711.0,8.8,1870.0,19483.0,21353.0,1146.0,24124.0,2141.0,19406.0,19547.0
36041,NY,Hamilton,6.8,7.4,6.5,6.0,7.5,9.8,4.7,-5.19,-0.14,-30.03,-26.2,0.10045203400000001,0.602712205,18.48317428,6.780512305,14.01305876,10.39678553,1.3058764440000001,1.9588146659999999,38.17177298,8.186840784,1991.0,246.0,241.0,2442.0,9.9,2201.0,2256.0,2502.0,226.0,2790.0,3016.0,6.2,2449.0,2887.0,3079.0,7.5,192.0,181.0,157.0,2139.0,2296.0,171.0,2142.0,2313.0,153.0,2208.0,2361.0,2433.0,3057.0,164.0,10.7,2248.0,2429.0,9.5,232.0,2198.0,2430.0,151.0,3208.0,262.0,2187.0,2269.0
36043,NY,Herkimer,4.9,5.7,5.5,6.0,6.8,8.6,4.9,-7.71,0.86,-9.64,-2.09,2.111692845,0.167539267,6.872600349,13.19720768,15.31239092,4.279232112,1.047120419,4.92495637,47.45549738,4.631762653,28650.0,2711.0,2675.0,30723.0,8.7,28048.0,28841.0,31552.0,2479.0,28694.0,31173.0,6.1,30538.0,29399.0,31311.0,8.0,1912.0,1958.0,1374.0,26616.0,27990.0,1593.0,26388.0,27981.0,1537.0,26601.0,28138.0,28408.0,29456.0,1770.0,8.8,26887.0,28845.0,7.8,2348.0,27656.0,30004.0,1518.0,30974.0,2677.0,27861.0,26638.0
36045,NY,Jefferson,5.6,6.5,6.2,6.0,7.6,9.3,5.5,-7.57,0.42,-7.31,0.28,2.005213555,0.06906846700000001,7.2343649039999995,5.910923958,15.58050932,3.805449725,1.410333534,4.596395072,47.307443799999994,12.08029766,44883.0,4672.0,4780.0,48934.0,9.8,44154.0,45638.0,50310.0,4374.0,45141.0,49515.0,6.8,48426.0,45913.0,49275.0,8.8,3362.0,3549.0,2510.0,42181.0,44691.0,2920.0,42006.0,44926.0,2847.0,42764.0,45611.0,46507.0,45510.0,3063.0,9.9,43045.0,46594.0,9.2,4462.0,43868.0,48330.0,2627.0,48137.0,4778.0,43648.0,43444.0
36047,NY,Kings,4.2,4.7,5.3,5.0,7.6,9.9,5.4,10.74,0.21,12.97,2.01,0.11379534599999999,0.016502788,5.074073708999999,3.5871807,11.90713117,6.345855748,4.38374812,7.435286081,57.43052408,3.7059022510000004,1217976.0,115521.0,111959.0,1170616.0,9.6,1058657.0,1047981.0,1163502.0,111185.0,1008638.0,1119823.0,6.0,1190125.0,1039579.0,1106224.0,9.9,66645.0,92557.0,51220.0,1160501.0,1211721.0,57238.0,1158095.0,1215333.0,64851.0,1152734.0,1217585.0,1214639.0,1027298.0,71694.0,9.8,1121072.0,1213629.0,9.4,113363.0,1098648.0,1212011.0,59125.0,1086423.0,116363.0,1073762.0,1142945.0
36049,NY,Lewis,5.5,6.6,6.7,6.0,7.9,9.1,5.4,-4.85,1.99,-6.6,-1.84,7.1633721910000006,0.21118432199999998,11.73340091,11.72495354,12.64571718,3.91958101,1.106605846,2.53421186,41.97499578,6.985977361000001,11838.0,1164.0,1196.0,12393.0,9.7,11197.0,11592.0,12756.0,1119.0,11636.0,12755.0,6.7,12269.0,11795.0,12637.0,8.8,842.0,932.0,647.0,11030.0,11677.0,768.0,10815.0,11583.0,787.0,10941.0,11728.0,11763.0,11809.0,813.0,10.0,10932.0,11864.0,9.5,1158.0,11087.0,12245.0,678.0,12487.0,1226.0,11043.0,10950.0
36051,NY,Livingston,4.3,5.0,4.9,5.0,5.8,8.1,4.9,-2.03,1.51,-3.84,-1.85,3.341272542,0.717931269,7.400476352999999,13.36168765,11.74889418,4.079618918,1.381422252,2.97720313,50.12929568,4.862198027,29390.0,2650.0,2447.0,32007.0,7.6,29560.0,30104.0,32754.0,2701.0,29442.0,32143.0,5.9,32147.0,30594.0,32529.0,8.4,1935.0,1794.0,1333.0,29494.0,30827.0,1536.0,29056.0,30592.0,1530.0,29471.0,31001.0,31238.0,30671.0,1641.0,7.8,29148.0,30942.0,7.0,2240.0,29640.0,31880.0,1579.0,32250.0,2522.0,29625.0,29597.0
36053,NY,Madison,4.8,5.5,5.3,5.0,6.4,8.3,4.7,-4.8,1.67,-9.39,-4.83,2.5297265159999998,0.101070155,6.397146254,10.59453032,12.95184304,4.354934602,1.83412604,4.583828775,52.61593341,4.03686088,33640.0,2955.0,2837.0,34733.0,8.2,31896.0,32631.0,35586.0,2914.0,33175.0,36089.0,5.7,34620.0,34410.0,36505.0,8.1,2095.0,2146.0,1564.0,31066.0,32630.0,1781.0,30557.0,32338.0,1719.0,30944.0,32663.0,32879.0,34286.0,1866.0,8.5,31271.0,33417.0,7.6,2618.0,31803.0,34421.0,1674.0,35960.0,2945.0,31675.0,31013.0
36055,NY,Monroe,4.3,4.9,4.7,5.0,5.8,8.0,4.4,-0.13,1.09,-2.57,-2.44,0.330017751,0.07693165,4.081998809,11.59112595,13.76125091,3.307245439,2.586588883,5.276478216,56.08969741,2.8986649780000002,367859.0,30405.0,28687.0,373786.0,7.7,345099.0,347846.0,378251.0,29451.0,345928.0,375379.0,5.5,376288.0,357407.0,378082.0,7.8,20675.0,21152.0,15459.0,347399.0,362858.0,17752.0,343641.0,361393.0,17029.0,345801.0,362830.0,365330.0,356559.0,18509.0,7.9,343276.0,364428.0,7.0,26133.0,348519.0,374652.0,16466.0,373025.0,29652.0,346636.0,346821.0
36057,NY,Montgomery,5.1,5.7,5.7,6.0,7.5,10.1,5.8,-1.05,0.35,-7.65,-6.67,1.821825469,0.368919657,6.863727455,13.63180907,16.13226453,5.292402988,1.088540718,4.4179267630000005,43.59172891,6.790854436,21956.0,2412.0,2398.0,23432.0,10.2,21034.0,21507.0,23919.0,2309.0,22118.0,24427.0,7.1,23451.0,23065.0,24820.0,9.5,1755.0,1665.0,1155.0,21281.0,22436.0,1282.0,21207.0,22489.0,1274.0,21008.0,22282.0,22263.0,23045.0,1460.0,10.4,20597.0,22262.0,9.2,2130.0,21049.0,23179.0,1431.0,24476.0,2440.0,21011.0,20803.0
36059,NY,Nassau,3.5,4.1,3.9,4.0,4.8,7.1,3.7,6.34,0.92,2.02,-4.07,0.113772481,0.008796841,5.60036243,4.530813136,13.40770574,5.196440798,2.97787741,10.18644905,53.18540956,4.792372552,682063.0,49317.0,46602.0,683283.0,6.8,636681.0,642118.0,691435.0,47805.0,645100.0,692905.0,4.7,693607.0,667509.0,700692.0,6.9,33183.0,32782.0,25027.0,682848.0,707875.0,28707.0,676616.0,705323.0,27311.0,671823.0,699134.0,697396.0,669351.0,29421.0,7.0,652794.0,685576.0,5.9,41191.0,655888.0,697079.0,25564.0,694915.0,48804.0,644803.0,667975.0
36061,NY,New York,3.7,4.1,4.6,4.0,6.1,8.6,4.3,9.91,0.2,0.87,-8.22,0.039056079,0.021293286,1.865313899,2.934722288,9.703118639,2.507863621,6.30490882,16.49711106,57.629891799999996,2.496720503,906389.0,75649.0,68949.0,882224.0,7.8,813275.0,805555.0,881204.0,78641.0,852963.0,931604.0,4.9,894987.0,885850.0,931595.0,8.4,45745.0,55422.0,33750.0,885351.0,919101.0,37683.0,883556.0,921239.0,41764.0,875013.0,916777.0,909876.0,877728.0,44302.0,8.0,849573.0,904995.0,7.5,67951.0,836910.0,904861.0,39838.0,917566.0,71861.0,823126.0,865574.0
36063,NY,Niagara,5.2,6.2,5.8,6.0,7.0,9.6,5.3,-3.62,0.84,-10.9,-7.55,0.797108625,0.084166749,5.868897911,13.89543519,14.6301614,5.094563818,1.227844341,6.266957124,48.08396871,4.050896128,100990.0,10380.0,9651.0,105602.0,9.1,95951.0,97467.0,107847.0,10534.0,103142.0,113676.0,6.7,105750.0,106367.0,114018.0,9.3,7651.0,7135.0,5197.0,93941.0,99138.0,6135.0,93157.0,99292.0,5834.0,94277.0,100111.0,101100.0,105428.0,6224.0,9.3,94377.0,101512.0,8.5,8893.0,96158.0,105051.0,5942.0,111370.0,9856.0,95894.0,94876.0
36065,NY,Oneida,4.4,5.0,4.8,5.0,6.1,7.6,4.3,-6.22,0.71,-7.59,-1.46,1.314037458,0.082613302,4.874184801,9.989406059,12.911973099999999,4.076237498999999,1.1701931209999998,7.269970551,51.24162933,7.069754784,102889.0,8564.0,8708.0,108979.0,8.0,100271.0,103684.0,112248.0,8157.0,102470.0,110627.0,5.4,108562.0,105296.0,111293.0,7.4,5997.0,6304.0,4498.0,97231.0,101729.0,5063.0,96547.0,101610.0,4913.0,96620.0,101533.0,102089.0,105220.0,5444.0,8.2,96844.0,103148.0,7.4,7970.0,99277.0,107247.0,4700.0,109920.0,8947.0,99615.0,96645.0
36067,NY,Onondaga,4.0,4.7,4.5,4.0,5.6,8.0,4.1,-2.76,1.34,-4.98,-2.27,0.6791901690000001,0.060481974,5.048676789,7.464371637,14.52149798,4.765083532,2.36058905,6.667353622,54.74380284,3.688952407,223207.0,19024.0,17948.0,232622.0,7.7,214674.0,217970.0,236994.0,17839.0,215790.0,233629.0,5.2,232973.0,223381.0,235592.0,7.6,12211.0,12504.0,8826.0,211945.0,220771.0,10237.0,209149.0,219386.0,9966.0,210943.0,220909.0,222409.0,223044.0,10958.0,7.9,212105.0,224609.0,6.8,15849.0,215866.0,231715.0,9478.0,232522.0,18349.0,214624.0,211451.0
36069,NY,Ontario,3.9,4.5,4.3,4.0,5.2,7.4,4.2,1.54,1.29,-1.66,-3.15,1.669179014,0.020221331999999998,5.470789367,14.10162138,14.86451708,2.972535755,1.906320085,4.630684952,50.37317548,3.99095555,54398.0,4192.0,3951.0,55756.0,7.1,51805.0,52176.0,56368.0,4130.0,52826.0,56956.0,5.2,56046.0,54042.0,56982.0,7.3,2940.0,2865.0,2172.0,52977.0,55149.0,2451.0,52303.0,54754.0,2371.0,52630.0,55001.0,55047.0,53872.0,2597.0,7.3,51895.0,54760.0,6.3,3514.0,52396.0,55910.0,2355.0,56227.0,4075.0,51971.0,52450.0
36071,NY,Orange,3.9,4.5,4.3,4.0,5.5,8.0,4.3,4.95,1.64,2.07,-2.75,0.718086628,0.052640612999999996,6.213881101,7.2048978660000005,17.14939635,6.2848314929999995,2.411741146,5.582765921,47.39715054,6.9846083420000005,174770.0,14465.0,13798.0,178868.0,7.7,165070.0,166830.0,181295.0,14115.0,166368.0,180483.0,5.4,179621.0,171776.0,181533.0,7.8,9757.0,9643.0,7155.0,175086.0,182241.0,8190.0,172256.0,180446.0,7719.0,170975.0,178694.0,177909.0,171540.0,8285.0,7.9,165754.0,175397.0,6.8,12228.0,166724.0,178952.0,7690.0,179230.0,14207.0,165414.0,169624.0
36073,NY,Orleans,4.9,5.9,5.7,6.0,7.7,9.6,5.8,-3.28,1.7,-8.74,-5.64,4.244548287,0.066755674,6.386292835,17.10614152,13.45683133,5.47952826,0.739875389,5.757676902999999,40.79327993,5.969069871,17976.0,1835.0,1737.0,18812.0,9.2,17075.0,17314.0,19149.0,1805.0,17571.0,19376.0,6.9,18873.0,18214.0,19574.0,9.3,1360.0,1383.0,870.0,16746.0,17616.0,1030.0,16466.0,17496.0,1013.0,16715.0,17728.0,17869.0,18349.0,1136.0,9.7,16659.0,18042.0,9.1,1701.0,17009.0,18710.0,1127.0,19476.0,1828.0,17045.0,16733.0
36075,NY,Oswego,5.5,6.5,6.5,7.0,8.1,10.6,5.6,-5.1,1.42,-10.97,-6.18,1.136982955,0.109000019,7.8611565279999995,11.62917442,15.48551991,7.244742627999999,1.4113623119999998,4.055552423,46.37387006,4.69263874,53211.0,6268.0,6242.0,57994.0,10.8,51752.0,52618.0,58886.0,5889.0,54139.0,60028.0,7.0,57942.0,56314.0,60525.0,9.8,4211.0,4450.0,2892.0,49932.0,52824.0,3399.0,49232.0,52631.0,3435.0,49800.0,53235.0,54006.0,56086.0,3875.0,11.0,50595.0,55045.0,9.9,5648.0,51569.0,57217.0,3329.0,59415.0,6357.0,51585.0,50131.0
36077,NY,Otsego,4.3,5.0,4.9,5.0,5.7,7.6,4.5,-8.56,1.37,-10.76,-2.4,2.7500437910000004,0.07356805,6.319845857000001,8.187073043,13.56454721,3.1634261689999996,1.3452443509999998,5.121737607,56.67542477,2.799089157,28545.0,2411.0,2425.0,31375.0,7.7,28950.0,29469.0,31880.0,2379.0,29261.0,31640.0,5.7,31460.0,29900.0,31703.0,7.5,1803.0,1713.0,1225.0,26945.0,28170.0,1400.0,26580.0,27980.0,1383.0,26787.0,28170.0,28695.0,30194.0,1546.0,7.9,28284.0,29997.0,6.8,2121.0,29012.0,31133.0,1428.0,31622.0,2472.0,28988.0,27149.0
36079,NY,Putnam,3.7,4.2,4.0,4.0,4.9,7.2,3.4,0.8,1.12,-8.53,-9.26,0.440366972,0.0,9.54901014,3.455335587,14.30999517,3.5557701589999997,3.19266055,8.907774022,51.10574602,5.483341381000001,51775.0,3787.0,3627.0,51607.0,7.0,47980.0,48807.0,52594.0,3682.0,51328.0,55010.0,4.4,51603.0,53581.0,56065.0,6.7,2484.0,2469.0,1886.0,49199.0,51085.0,2129.0,48655.0,50784.0,2014.0,48612.0,50626.0,50597.0,53787.0,2156.0,7.2,47786.0,50255.0,6.1,3120.0,48251.0,51371.0,1886.0,55673.0,3704.0,47899.0,48441.0
36081,NY,Queens,3.6,4.0,4.5,5.0,6.4,8.6,4.5,10.82,0.22,6.41,-3.98,0.127630184,0.01995863,6.874784985,3.973255436,12.55441572,8.16150383,2.641104448,7.99465669,53.51862762,4.134062465,1142363.0,95412.0,89671.0,1108920.0,8.1,1019249.0,1011049.0,1106461.0,94974.0,1034421.0,1129395.0,5.0,1124169.0,1064170.0,1120482.0,8.4,56312.0,73160.0,41766.0,1120459.0,1162225.0,46940.0,1118029.0,1164969.0,52743.0,1108791.0,1161534.0,1157052.0,1052959.0,58128.0,8.3,1075856.0,1149016.0,7.7,88426.0,1054708.0,1143134.0,49391.0,1102350.0,93148.0,1031021.0,1098924.0
36083,NY,Rensselaer,3.9,4.4,4.3,4.0,5.4,7.8,4.3,0.19,1.19,-1.76,-1.94,0.43371278,0.060893771,6.730625839,7.5644976889999995,12.29059999,5.274146244,1.8392404430000002,5.695431724,49.50415072,10.6067008,80468.0,6558.0,6287.0,82767.0,7.6,76480.0,78045.0,84603.0,6216.0,77680.0,83896.0,5.2,83602.0,79974.0,84331.0,7.4,4357.0,4363.0,3166.0,78192.0,81358.0,3580.0,77275.0,80855.0,3483.0,77981.0,81464.0,81555.0,79590.0,3789.0,7.7,76775.0,81138.0,6.7,5569.0,77929.0,83498.0,3538.0,83128.0,6476.0,77126.0,77766.0
36085,NY,Richmond,4.1,4.7,5.2,5.0,7.4,9.4,4.6,7.64,0.22,-7.56,-14.12,0.050882672999999996,0.015076348,7.368093737000001,2.350967949,11.50890682,7.081171997999999,2.4475507999999997,9.727070995,52.73659265,6.713686026,212253.0,20460.0,19850.0,216722.0,9.2,196872.0,196490.0,216950.0,20204.0,225883.0,246087.0,5.1,218237.0,231712.0,244150.0,8.2,12438.0,16359.0,9112.0,211509.0,220621.0,10315.0,211043.0,221358.0,11593.0,209784.0,221377.0,219485.0,228808.0,12821.0,9.5,203323.0,219682.0,9.0,19835.0,201233.0,221068.0,10981.0,239789.0,20654.0,197583.0,206664.0
36087,NY,Rockland,3.7,4.3,4.2,4.0,5.2,7.5,3.9,7.27,1.53,0.65,-6.18,0.10075533099999999,0.032695439,5.5088477860000005,6.007286412000001,13.29436571,3.9641551230000003,2.825820055,6.659860677,57.3925054,4.213708063,149868.0,11174.0,10628.0,148873.0,7.1,138245.0,138804.0,149978.0,10592.0,143259.0,153851.0,4.8,150454.0,148768.0,156197.0,6.9,7429.0,7700.0,5775.0,148901.0,154676.0,6633.0,146652.0,153285.0,6370.0,145961.0,152331.0,152134.0,147944.0,6873.0,7.3,141622.0,149322.0,6.3,9443.0,141334.0,150777.0,5927.0,153871.0,11000.0,139454.0,145261.0
36089,NY,St. Lawrence,5.6,6.7,6.6,7.0,7.8,10.3,5.8,-8.34,1.73,-11.64,-3.6,2.812805308,0.09769840699999999,7.09335878,6.141367323,14.40029082,3.939745075,1.256446959,4.014722923,52.27319201,7.97037239,44013.0,5162.0,5076.0,48900.0,10.4,43824.0,44802.0,49964.0,4874.0,44882.0,49756.0,7.1,48589.0,46719.0,50282.0,9.8,3563.0,3655.0,2448.0,41067.0,43515.0,2881.0,40368.0,43249.0,2854.0,40451.0,43305.0,43878.0,46476.0,3203.0,10.2,43413.0,47068.0,9.1,4429.0,44069.0,48498.0,2861.0,49337.0,4962.0,43627.0,40675.0
36091,NY,Saratoga,3.5,4.0,3.8,4.0,4.7,6.9,3.7,4.44,1.21,-0.22,-4.47,0.674907948,0.170008458,6.128847616,10.48841123,14.57715736,3.2019683389999996,1.779535766,7.028440108,49.33577098,6.614952201,117053.0,8138.0,7696.0,115669.0,6.7,107973.0,109910.0,118048.0,7741.0,114315.0,122056.0,4.6,117525.0,116361.0,121922.0,6.3,5561.0,5398.0,4187.0,114795.0,118982.0,4682.0,113420.0,118102.0,4474.0,112854.0,117328.0,116843.0,115047.0,4845.0,6.8,110226.0,115624.0,5.8,6865.0,111244.0,118109.0,4374.0,119421.0,8005.0,109520.0,111998.0
36093,NY,Schenectady,4.0,4.5,4.3,4.0,5.4,7.6,4.1,0.36,1.16,1.14,0.77,0.254641038,0.062975741,4.6643119219999996,6.988938173999999,14.98411916,4.446634905,1.844093971,6.416680357000001,52.12337769,8.214227041000001,73044.0,6042.0,5775.0,77068.0,7.5,71293.0,72974.0,79016.0,5582.0,71210.0,76792.0,5.1,78052.0,73087.0,77005.0,7.3,3918.0,4085.0,3063.0,73240.0,76303.0,3389.0,72400.0,75789.0,3278.0,72414.0,75692.0,75726.0,72418.0,3568.0,7.7,71998.0,76083.0,6.7,5226.0,72831.0,78057.0,3133.0,75551.0,5994.0,72058.0,72158.0
36095,NY,Schoharie,4.8,5.5,5.4,5.0,6.7,8.9,5.8,-3.05,1.59,-5.09,-2.11,4.07803916,0.500070432,9.423862516,7.21228342,13.5371179,4.824623186,1.317086914,5.148612481,47.42921538,6.529088604,14198.0,1420.0,1394.0,15557.0,9.0,14163.0,14504.0,15924.0,1383.0,14198.0,15581.0,6.9,15455.0,14822.0,15914.0,8.9,1092.0,988.0,712.0,14062.0,14774.0,799.0,13842.0,14641.0,797.0,13907.0,14704.0,14669.0,14816.0,851.0,9.2,13749.0,14737.0,8.1,1241.0,14057.0,15298.0,909.0,15725.0,1421.0,14034.0,13818.0
36097,NY,Schuyler,5.1,5.8,6.0,6.0,7.0,9.1,5.0,-4.56,1.57,-17.14,-13.18,3.44114786,0.7417315179999999,6.9066147860000004,13.99562257,12.86478599,2.225194553,1.26459144,2.96692607,50.96060311,4.632782101,8224.0,822.0,796.0,9008.0,8.8,8212.0,8220.0,9042.0,839.0,9215.0,10054.0,5.8,9032.0,9568.0,10157.0,8.3,589.0,604.0,423.0,7845.0,8268.0,475.0,7724.0,8199.0,497.0,7769.0,8266.0,8350.0,9468.0,552.0,9.4,7999.0,8603.0,8.8,781.0,8099.0,8880.0,497.0,9965.0,848.0,8184.0,7798.0
36099,NY,Seneca,3.9,4.5,4.8,5.0,5.6,8.2,4.4,2.57,0.95,-4.75,-7.14,3.525309917,0.277634298,7.302427686000001,13.70092975,15.457128099999998,4.584194215,0.703770661,3.635072314,44.60872934,6.204803719,15488.0,1345.0,1275.0,16104.0,7.9,14829.0,15078.0,16423.0,1304.0,15903.0,17207.0,5.5,16242.0,16237.0,17185.0,7.6,948.0,874.0,622.0,15465.0,16087.0,728.0,15320.0,16048.0,736.0,14733.0,15469.0,15719.0,16237.0,809.0,8.0,14639.0,15513.0,6.9,1105.0,14817.0,15922.0,756.0,16993.0,1296.0,14946.0,14910.0
36101,NY,Steuben,4.9,5.7,5.8,6.0,6.9,9.6,5.2,-4.84,1.35,-3.95,0.93,2.583734271,0.87203923,6.654792746,18.67829386,12.61565507,3.8698186530000003,1.279145078,3.478904515,45.70688379,4.260732791000001,43232.0,4523.0,4204.0,46123.0,9.1,41919.0,42780.0,47303.0,4440.0,41573.0,46013.0,6.1,45823.0,43132.0,45922.0,9.6,2790.0,3039.0,2106.0,40710.0,42816.0,2435.0,40169.0,42604.0,2510.0,40600.0,43110.0,43695.0,42386.0,2749.0,9.3,41043.0,44082.0,8.4,3857.0,41830.0,45687.0,2348.0,44734.0,4279.0,41544.0,40946.0
36103,NY,Suffolk,3.9,4.5,4.4,4.0,5.4,7.7,3.9,4.21,0.95,-1.28,-5.27,0.478741976,0.029275105,7.599441356,7.328982354,15.08769103,5.456987081,2.645771224,6.923428142000001,49.81776918,4.631912551,744660.0,60265.0,58603.0,770533.0,7.6,711930.0,717598.0,777863.0,57610.0,734271.0,791881.0,5.0,779400.0,759899.0,799996.0,7.3,40097.0,41283.0,29952.0,747832.0,777784.0,34709.0,740802.0,775511.0,33703.0,739429.0,773132.0,775941.0,757541.0,36511.0,7.8,724675.0,765958.0,6.6,51585.0,730042.0,781627.0,30399.0,787940.0,60667.0,718733.0,739430.0
36105,NY,Sullivan,4.1,4.9,4.8,5.0,6.6,8.9,5.2,3.76,5.85,3.25,-0.49,0.800367985,0.269855872,7.804354492000001,5.277522232,16.39987734,4.9524685680000005,1.5148727380000002,4.299294695,51.67433303,7.007053051000001,32610.0,3249.0,3145.0,35480.0,8.9,32335.0,33226.0,36475.0,3072.0,32309.0,35381.0,6.5,35311.0,33339.0,35661.0,8.7,2322.0,2187.0,1472.0,34475.0,35947.0,1673.0,32571.0,34244.0,1624.0,32369.0,33993.0,33701.0,33391.0,1818.0,9.1,31082.0,33269.0,8.1,2810.0,31778.0,34588.0,1836.0,35227.0,3218.0,32093.0,31883.0
36107,NY,Tioga,4.4,5.1,5.1,5.0,6.1,8.0,4.7,-10.94,1.05,-12.74,-2.02,0.803928385,1.095080827,6.909438553999999,13.6407092,16.321919,3.611159395,1.4644533290000001,3.563358248,48.23135755,4.358595515,23012.0,2120.0,1986.0,25818.0,7.7,23832.0,24448.0,26568.0,2120.0,24124.0,26244.0,5.3,25466.0,24973.0,26367.0,8.1,1394.0,1452.0,999.0,21773.0,22772.0,1163.0,21547.0,22710.0,1179.0,21808.0,22987.0,23376.0,24952.0,1294.0,7.9,22323.0,23775.0,7.1,1778.0,23194.0,24972.0,1227.0,26179.0,2009.0,23457.0,22082.0
36109,NY,Tompkins,3.6,4.3,4.2,4.0,4.4,6.2,3.4,-6.06,1.27,-9.73,-3.9,1.4606072630000002,0.176622346,3.401468545,5.128001588,10.22623536,1.90910895,1.61341536,3.490771979,70.13891645,2.454852153,50390.0,3370.0,3280.0,54190.0,6.1,50910.0,51397.0,54767.0,3317.0,53344.0,56661.0,4.1,55074.0,53896.0,56222.0,5.9,2326.0,2404.0,1829.0,48283.0,50112.0,2158.0,47678.0,49836.0,2092.0,48211.0,50303.0,50410.0,53485.0,2216.0,6.1,52342.0,54746.0,5.2,2912.0,53012.0,55924.0,1866.0,55351.0,3375.0,51699.0,48194.0
36111,NY,Ulster,3.9,4.5,4.4,4.0,5.7,7.8,4.3,-1.22,1.6,-1.5,-0.28,1.05601257,0.109760606,7.399020242000001,6.239023939,14.52768278,4.682734078999999,2.1004713930000003,5.875080876,52.73246141,5.277752103,86552.0,7296.0,7166.0,91289.0,7.8,84123.0,86310.0,93606.0,6930.0,83014.0,89944.0,5.5,91045.0,85770.0,90715.0,7.7,4945.0,5017.0,3452.0,85260.0,88712.0,3990.0,83917.0,87907.0,3892.0,84163.0,88055.0,88315.0,86555.0,4241.0,8.3,82958.0,87975.0,7.1,6451.0,83899.0,90350.0,3930.0,90485.0,7537.0,83508.0,84074.0
36113,NY,Warren,4.6,5.3,5.3,5.0,6.6,9.0,4.5,-2.72,0.38,-12.88,-10.44,0.359800726,0.21526539100000003,6.83006335,8.364598069,15.88966111,3.8101974289999996,1.408450704,5.1602189560000005,52.42942370000001,5.532320561000001,32518.0,3072.0,3000.0,33619.0,8.9,30619.0,31082.0,34154.0,2878.0,33557.0,36435.0,5.6,33761.0,34624.0,36689.0,7.9,2065.0,2130.0,1473.0,30236.0,31709.0,1671.0,30122.0,31793.0,1681.0,30270.0,31951.0,32247.0,34706.0,1784.0,9.2,30163.0,32293.0,8.2,2710.0,30437.0,33147.0,1618.0,36324.0,3101.0,30660.0,30463.0
36115,NY,Washington,4.1,4.6,4.7,5.0,6.1,8.2,4.1,-2.67,0.81,-13.07,-10.69,3.343655405,0.61236561,8.242580286,14.01830138,16.03632441,4.5962214260000005,0.8733168640000001,4.303956021,42.4202359,5.553042692000001,28741.0,2492.0,2403.0,29721.0,8.1,27318.0,27741.0,30233.0,2418.0,30092.0,32510.0,5.3,29899.0,31099.0,32850.0,7.4,1751.0,1740.0,1165.0,26999.0,28164.0,1305.0,26782.0,28087.0,1319.0,26993.0,28312.0,28645.0,31060.0,1437.0,8.3,26820.0,28560.0,7.5,2193.0,27222.0,29415.0,1343.0,32403.0,2473.0,27426.0,27208.0
36117,NY,Wayne,4.2,5.0,5.0,5.0,6.2,8.9,4.7,-2.71,1.5,-7.2,-4.61,2.936888148,0.310120577,6.8180240229999995,17.26723599,16.11006966,3.4506699989999996,1.9278391080000001,3.96445185,43.65294267,3.5617579669999997,43209.0,4202.0,3912.0,46445.0,8.4,42533.0,43227.0,47429.0,3966.0,43725.0,47691.0,5.9,46529.0,45369.0,48189.0,8.3,2820.0,2745.0,1823.0,42054.0,43877.0,2160.0,41431.0,43591.0,2188.0,41749.0,43937.0,44275.0,45317.0,2355.0,8.6,41655.0,44400.0,7.6,3482.0,42482.0,45964.0,2247.0,47564.0,3993.0,42536.0,41920.0
36119,NY,Westchester,3.9,4.5,4.3,4.0,5.1,7.4,3.7,4.95,1.53,-1.28,-5.93,0.21972249100000002,0.017302625,6.385919416,3.9606334010000004,11.58921484,4.08383643,3.218079784,10.10598379,56.73530736,3.683999867,479696.0,35200.0,33483.0,473504.0,7.1,440021.0,443476.0,478676.0,34545.0,453096.0,487641.0,4.8,477481.0,472088.0,495831.0,7.1,23743.0,24154.0,18828.0,465428.0,484256.0,21572.0,458429.0,480001.0,20448.0,456792.0,477240.0,478305.0,471440.0,21700.0,7.3,446378.0,470532.0,6.3,29875.0,447795.0,477670.0,18141.0,489581.0,34654.0,442827.0,456605.0
36121,NY,Wyoming,4.6,5.6,5.3,5.0,6.5,9.5,4.9,-2.05,2.24,-15.31,-13.54,6.352057479,0.446331374,7.576747224,14.52209885,11.59372959,5.1164816019999995,1.246462007,4.142172872,42.20553015,6.798388853,18372.0,1841.0,1649.0,18881.0,8.7,17232.0,17616.0,19457.0,1883.0,19147.0,21030.0,6.2,18902.0,20062.0,21392.0,9.0,1330.0,1197.0,838.0,17255.0,18093.0,1003.0,16877.0,17880.0,964.0,17121.0,18085.0,18372.0,20375.0,1034.0,8.9,17153.0,18350.0,7.9,1491.0,17327.0,18818.0,1049.0,21424.0,1673.0,17229.0,17338.0
36123,NY,Yates,3.8,4.4,4.4,5.0,5.7,7.4,4.2,0.08,2.15,-9.37,-9.44,7.881034331,0.035301386000000004,8.551760657,12.858529699999998,13.48512929,3.706645486,1.3502779980000001,3.786073603,44.86806107,3.47718648,11331.0,903.0,905.0,12086.0,7.5,11181.0,11327.0,12230.0,892.0,12341.0,13233.0,4.9,12090.0,12594.0,13242.0,6.7,648.0,662.0,447.0,11336.0,11783.0,508.0,11097.0,11605.0,517.0,11186.0,11703.0,11738.0,12508.0,584.0,7.8,11028.0,11690.0,6.8,819.0,11158.0,11977.0,547.0,13055.0,943.0,11147.0,11154.0
